{
  "best_epoch": 260,
  "val": {
    "mse_norm": 0.0005183894118562238,
    "mae_raw": 0.06571675274859773,
    "rmse_raw": 0.08651903320775069,
    "r2_raw": 0.9192528651811142
  },
  "test": {
    "mse_norm": 0.0003431439110330467,
    "mae_raw": 0.057446722790252334,
    "rmse_raw": 0.07039174721028875,
    "r2_raw": 0.9631761097858409
  }
}
