{
  "best_epoch": 260,
  "val": {
    "mse_norm": 0.0005286247862455109,
    "mae_raw": 0.06637879637154666,
    "rmse_raw": 0.08736899858293659,
    "r2_raw": 0.9176585479808955
  },
  "test": {
    "mse_norm": 0.0003557873417212329,
    "mae_raw": 0.05796878670537195,
    "rmse_raw": 0.07167683875879714,
    "r2_raw": 0.9618193020774061
  }
}
