{
  "family": "qcpinn",
  "system": "fitzhugh_nagumo",
  "seed": 1,
  "dim": 2,
  "regime": "broadband_multiscale",
  "steps": 1500,
  "lr": 0.02,
  "n_colloc": 60,
  "pqc_params": 30,
  "classical_params": 1412,
  "per_component_pqc_params": 15,
  "config_str": "per-component: n=5, L=1, Cascade; dim=2",
  "final_loss": 0.36257803440093994,
  "mae": 1.2250252082857138,
  "mae_per_component": [
    0.9096794718120472,
    1.5403709447593805
  ],
  "relative_l2": 1.5466743632492475
}
