{
  "system": "lorenz",
  "family": "rf_qrc",
  "n_seeds": 3,
  "seeds": [
    0,
    1,
    2
  ],
  "trainable_params": 51,
  "n_train_points": 560,
  "n_test_points": 240,
  "rollout_steps": 200,
  "sampled_dt": 0.05,
  "metrics": {
    "relative_l2": {
      "mean": 0.6357988818074075,
      "std": 0.1919235302949599,
      "min": 0.4601419690855052,
      "max": 0.8406449788924729,
      "n_seeds": 3,
      "ci95_half_width": 0.476802959387998,
      "ci95_low": 0.15899592241940952,
      "ci95_high": 1.1126018411954055
    },
    "vpt_time": {
      "mean": 0.08333333333333333,
      "std": 0.02886751345948129,
      "min": 0.05,
      "max": 0.1,
      "n_seeds": 3,
      "ci95_half_width": 0.07171666666666668,
      "ci95_low": 0.01161666666666665,
      "ci95_high": 0.15505000000000002
    },
    "spectral_error": {
      "mean": 0.3952415295865965,
      "std": 0.43808469659031657,
      "min": 0.10462424108163146,
      "max": 0.8991228932463787,
      "n_seeds": 3,
      "ci95_half_width": 1.0883505502208946,
      "ci95_low": -0.693109020634298,
      "ci95_high": 1.483592079807491
    },
    "persistence_floor_relative_l2": {
      "mean": 0.45480979577386477,
      "std": 0.0,
      "min": 0.45480979577386477,
      "max": 0.45480979577386477,
      "n_seeds": 3,
      "ci95_half_width": 0.0,
      "ci95_low": 0.45480979577386477,
      "ci95_high": 0.45480979577386477
    },
    "vpt_lyapunov": {
      "mean": 0.07550000000000001,
      "std": 0.02615396719429005,
      "min": 0.04530000000000001,
      "max": 0.09060000000000001,
      "n_seeds": 3,
      "ci95_half_width": 0.0649753,
      "ci95_low": 0.010524700000000012,
      "ci95_high": 0.14047530000000003
    }
  }
}
