{
  "best_epoch": 1,
  "delta_scale_learned": 0.10144534707069397,
  "val": {
    "mse_norm": 0.08447212605379006,
    "mae_raw": 0.21387638375947352,
    "rmse_raw": 0.26448320851264556,
    "r2_raw": -0.35406912438370064,
    "delta_mae_raw": 0.21387638375947352,
    "delta_rmse_raw": 0.26448320851264556,
    "delta_r2_raw": -0.80672388301813
  },
  "test": {
    "mse_norm": 0.10571140747428422,
    "mae_raw": 0.2666164197384472,
    "rmse_raw": 0.2958709457338701,
    "r2_raw": -0.0029593370920615314,
    "delta_mae_raw": 0.2666164197384472,
    "delta_rmse_raw": 0.2958709457338701,
    "delta_r2_raw": -3.0264020351909506
  }
}
