{
  "system": "van_der_pol",
  "family": "plain_neuralode",
  "seed": 2,
  "n_train_points": 560,
  "n_test_points": 240,
  "trainable_params": 48,
  "sampled_dt": 0.1,
  "rollout_steps": 200,
  "dt_step": 0.1,
  "relative_l2": 1.2167399368709941,
  "vpt_step": 1,
  "vpt_time": 0.1,
  "vpt_lyapunov": null,
  "spectral_error": 1.0408716323146778,
  "invariant_drift_final": null,
  "persistence_floor_relative_l2": 1.34648773242043,
  "train_loss_history": [
    0.29683375358581543,
    0.2864857017993927,
    0.27413687109947205,
    0.2647643983364105,
    0.2604732811450958
  ]
}
