{
  "pde": "heat",
  "model": "classical_pinn",
  "regime": "smooth_periodic",
  "n_seeds": 3,
  "seeds": [
    0,
    1,
    2
  ],
  "pqc_params": 0,
  "classical_params": 177,
  "config_str": "MLP H=11, L=2, target\u2248120; colloc=24\u00d724; steps=1200",
  "steps": 1200,
  "metrics": {
    "mae": {
      "mean": 0.0021808911363283795,
      "std": 0.00039565165113179644,
      "min": 0.001770224715769291,
      "max": 0.002559588262438774,
      "n_seeds": 3,
      "ci95_half_width": 0.0009829325140927878,
      "ci95_low": 0.0011979586222355917,
      "ci95_high": 0.003163823650421167
    },
    "relative_l2": {
      "mean": 0.004531369862536908,
      "std": 0.0008966081210444656,
      "min": 0.0036056150410810504,
      "max": 0.005395669283917357,
      "n_seeds": 3,
      "ci95_half_width": 0.002227477813003423,
      "ci95_low": 0.0023038920495334846,
      "ci95_high": 0.00675884767554033
    },
    "final_loss": {
      "mean": 3.353128098145438e-05,
      "std": 1.2616535163787847e-05,
      "min": 2.1796426153741777e-05,
      "max": 4.6875127736711875e-05,
      "n_seeds": 3,
      "ci95_half_width": 3.1343740364048315e-05,
      "ci95_low": 2.1875406174060643e-06,
      "ci95_high": 6.48750213455027e-05
    },
    "bc_violation": {
      "mean": 1.7494294909216819,
      "std": 0.12212432246672039,
      "min": 1.6761380752457935,
      "max": 1.8904094042203647,
      "n_seeds": 3,
      "ci95_half_width": 0.30339812046962755,
      "ci95_low": 1.4460313704520544,
      "ci95_high": 2.0528276113913093
    }
  },
  "audit_reason": "capacity-matched classical baseline"
}
