{
  "system": "lorenz",
  "family": "classical_ltc",
  "seed": 2,
  "n_train_points": 560,
  "n_test_points": 240,
  "trainable_params": 61,
  "sampled_dt": 0.05,
  "rollout_steps": 200,
  "dt_step": 0.05,
  "relative_l2": 1.6496542536838066,
  "vpt_step": 2,
  "vpt_time": 0.1,
  "vpt_lyapunov": 0.09060000000000001,
  "spectral_error": 4.727319131247889,
  "invariant_drift_final": null,
  "persistence_floor_relative_l2": 0.45480979577386477,
  "train_loss_history": [
    10.273327827453613,
    10.176660537719727,
    10.027607917785645,
    9.814610481262207,
    9.328714370727539
  ]
}
