{
  "system": "lorenz",
  "family": "plain_mlp",
  "seed": 1,
  "n_train_points": 560,
  "n_test_points": 240,
  "trainable_params": 214,
  "sampled_dt": 0.05,
  "rollout_steps": 200,
  "dt_step": 0.05,
  "relative_l2": 1.8720628329160751,
  "vpt_step": 3,
  "vpt_time": 0.15000000000000002,
  "vpt_lyapunov": 0.13590000000000002,
  "spectral_error": 4.935120197513557,
  "invariant_drift_final": null,
  "persistence_floor_relative_l2": 0.45480979577386477,
  "train_loss_history": [
    10.1222562789917,
    9.750941276550293,
    9.457674980163574,
    9.14456558227539,
    8.777713775634766
  ]
}
