{
  "best_epoch": 5,
  "val": {
    "mse_norm": 0.08401977262092405,
    "mae_raw": 0.21670743812071647,
    "rmse_raw": 0.26377409597492174,
    "r2_raw": -0.34681800090229586,
    "delta_mae_raw": 0.21670743812071647,
    "delta_rmse_raw": 0.26377409597492174,
    "delta_r2_raw": -0.7970487654509006
  },
  "test": {
    "mse_norm": 0.09956061648655413,
    "mae_raw": 0.2601806289041546,
    "rmse_raw": 0.28713437013446413,
    "r2_raw": 0.05539759333804639,
    "delta_mae_raw": 0.2601806289041546,
    "delta_rmse_raw": 0.28713437013446413,
    "delta_r2_raw": -2.7921268709230342
  }
}
