{
  "n_seeds": 5,
  "seeds": [
    0,
    1,
    2,
    3,
    4
  ],
  "val": {
    "mse_norm": {
      "mean": 0.0832284468225597,
      "std": 0.005615983670931048,
      "min": 0.07489213951562665,
      "max": 0.08985507208570566,
      "n_seeds": 5,
      "ci95_half_width": 0.006973164738695297,
      "ci95_low": 0.0762552820838644,
      "ci95_high": 0.090201611561255
    },
    "mae_raw": {
      "mean": 0.21471707615726868,
      "std": 0.009028785987140022,
      "min": 0.20106196889751835,
      "max": 0.22297578985753808,
      "n_seeds": 5,
      "ci95_half_width": 0.011210718507718398,
      "ci95_low": 0.20350635764955027,
      "ci95_high": 0.22592779466498708
    },
    "rmse_raw": {
      "mean": 0.26240754966922564,
      "std": 0.008927113920142407,
      "min": 0.24903449707398054,
      "max": 0.2727801041025038,
      "n_seeds": 5,
      "ci95_half_width": 0.0110844759625045,
      "ci95_low": 0.25132307370672113,
      "ci95_high": 0.27349202563173014
    },
    "r2_raw": {
      "mean": -0.3341332268714968,
      "std": 0.09002295132252759,
      "min": -0.4403565349242997,
      "max": -0.2005041013478377,
      "n_seeds": 5,
      "ci95_half_width": 0.11177825766923244,
      "ci95_low": -0.44591148454072926,
      "ci95_high": -0.22235496920226439
    },
    "delta_mae_raw": {
      "mean": 0.21471707615726868,
      "std": 0.009028785987140022,
      "min": 0.20106196889751835,
      "max": 0.22297578985753808,
      "n_seeds": 5,
      "ci95_half_width": 0.011210718507718398,
      "ci95_low": 0.20350635764955027,
      "ci95_high": 0.22592779466498708
    },
    "delta_rmse_raw": {
      "mean": 0.26240754966922564,
      "std": 0.008927113920142407,
      "min": 0.24903449707398054,
      "max": 0.2727801041025038,
      "n_seeds": 5,
      "ci95_half_width": 0.0110844759625045,
      "ci95_low": 0.25132307370672113,
      "ci95_high": 0.27349202563173014
    },
    "delta_r2_raw": {
      "mean": -0.7801235702895652,
      "std": 0.12011692257455255,
      "min": -0.9218565026312142,
      "max": -0.6018232692171892,
      "n_seeds": 5,
      "ci95_half_width": 0.1491448583358509,
      "ci95_low": -0.9292684286254161,
      "ci95_high": -0.6309787119537144
    }
  },
  "test": {
    "mse_norm": {
      "mean": 0.09299841453553873,
      "std": 0.01177253342905054,
      "min": 0.07923127922791796,
      "max": 0.10791824009012445,
      "n_seeds": 5,
      "ci95_half_width": 0.014617530926502361,
      "ci95_low": 0.07838088360903636,
      "ci95_high": 0.10761594546204109
    },
    "mae_raw": {
      "mean": 0.25071862578056225,
      "std": 0.01612491560928607,
      "min": 0.23133288944271252,
      "max": 0.2718191208973736,
      "n_seeds": 5,
      "ci95_half_width": 0.020021727186124424,
      "ci95_low": 0.23069689859443782,
      "ci95_high": 0.2707403529666867
    },
    "rmse_raw": {
      "mean": 0.2770651460353788,
      "std": 0.017567438959399898,
      "min": 0.25614726687715966,
      "max": 0.2989432966611428,
      "n_seeds": 5,
      "ci95_half_width": 0.02181285649652905,
      "ci95_low": 0.25525228953884976,
      "ci95_high": 0.2988780025319078
    },
    "r2_raw": {
      "mean": 0.1176578722985335,
      "std": 0.1116944008787979,
      "min": -0.023897128294914083,
      "max": 0.24827648037209427,
      "n_seeds": 5,
      "ci95_half_width": 0.13868691637214223,
      "ci95_low": -0.021029044073608727,
      "ci95_high": 0.2563447886706757
    },
    "delta_mae_raw": {
      "mean": 0.25071862578056225,
      "std": 0.01612491560928607,
      "min": 0.23133288944271252,
      "max": 0.2718191208973736,
      "n_seeds": 5,
      "ci95_half_width": 0.020021727186124424,
      "ci95_low": 0.23069689859443782,
      "ci95_high": 0.2707403529666867
    },
    "delta_rmse_raw": {
      "mean": 0.2770651460353788,
      "std": 0.017567438959399898,
      "min": 0.25614726687715966,
      "max": 0.2989432966611428,
      "n_seeds": 5,
      "ci95_half_width": 0.02181285649652905,
      "ci95_low": 0.25525228953884976,
      "ci95_high": 0.2988780025319078
    },
    "delta_r2_raw": {
      "mean": -2.5421816292296997,
      "std": 0.44839959745700586,
      "min": -3.110457252579919,
      "max": -2.017810391103503,
      "n_seeds": 5,
      "ci95_half_width": 0.5567616369714243,
      "ci95_low": -3.098943266201124,
      "ci95_high": -1.9854199922582754
    }
  }
}
