{
  "best_epoch": 1,
  "delta_scale_learned": 0.10033352673053741,
  "val": {
    "mse_norm": 0.911899653243606,
    "mae_raw": 0.8582659971714018,
    "rmse_raw": 0.8689902777655398,
    "r2_raw": -925.6979633764629,
    "delta_mae_raw": 0.8582659971714018,
    "delta_rmse_raw": 0.8689902777655398,
    "delta_r2_raw": -46.851507198495554
  },
  "test": {
    "mse_norm": 1.3450653001490143,
    "mae_raw": 1.033032468206742,
    "rmse_raw": 1.0553902477535968,
    "r2_raw": -1040.7548159878193,
    "delta_mae_raw": 1.033032468206742,
    "delta_rmse_raw": 1.0553902477535968,
    "delta_r2_raw": -27.830338332072547
  }
}
