{
  "best_epoch": 1,
  "delta_scale_learned": 0.09925111383199692,
  "val": {
    "mse_norm": 0.07332107565193904,
    "mae_raw": 0.20815263387403984,
    "rmse_raw": 0.24640856873771802,
    "r2_raw": -0.17532030203278648,
    "delta_mae_raw": 0.20815263387403984,
    "delta_rmse_raw": 0.24640856873771802,
    "delta_r2_raw": -0.5682207219998541
  },
  "test": {
    "mse_norm": 0.07948645224156892,
    "mae_raw": 0.23274064792713645,
    "rmse_raw": 0.2565594104710314,
    "r2_raw": 0.24585547243425765,
    "delta_mae_raw": 0.23274064792713645,
    "delta_rmse_raw": 0.2565594104710314,
    "delta_r2_raw": -2.0275295800353113
  }
}
