{
  "best_epoch": 1,
  "val": {
    "mse_norm": 0.08681264578866607,
    "mae_raw": 0.21817950931034594,
    "rmse_raw": 0.2681222705736962,
    "r2_raw": -0.391587127730606,
    "delta_mae_raw": 0.21817950931034594,
    "delta_rmse_raw": 0.2681222705736962,
    "delta_r2_raw": -0.8567838625785236
  },
  "test": {
    "mse_norm": 0.105879415432331,
    "mae_raw": 0.2677015176289517,
    "rmse_raw": 0.29610596738247824,
    "r2_raw": -0.0045533481288531075,
    "delta_mae_raw": 0.2677015176289517,
    "delta_rmse_raw": 0.29610596738247824,
    "delta_r2_raw": -3.0328012271076066
  }
}
