{
  "best_epoch": 1,
  "val": {
    "mse_norm": 0.0002494802067375603,
    "mae_raw": 0.04590261476961048,
    "rmse_raw": 0.06002078127857357,
    "r2_raw": 0.9611396154563656
  },
  "test": {
    "mse_norm": 0.0003404236098770745,
    "mae_raw": 0.06020048385442688,
    "rmse_raw": 0.07011217388317775,
    "r2_raw": 0.9634680341589571
  }
}
