{
  "best_epoch": 1,
  "delta_scale_learned": 0.09898161143064499,
  "val": {
    "mse_norm": 0.010390649150565262,
    "mae_raw": 0.07221943810582161,
    "rmse_raw": 0.09276042562204578,
    "r2_raw": 0.9071826290673808
  },
  "test": {
    "mse_norm": 0.012986771158701886,
    "mae_raw": 0.0851688769251801,
    "rmse_raw": 0.10370315904793367,
    "r2_raw": 0.9200773016952914
  }
}
