{
  "n_seeds": 5,
  "seeds": [
    0,
    1,
    2,
    3,
    4
  ],
  "val": {
    "mse_norm": {
      "mean": 0.01189875779506977,
      "std": 0.00036297847553970215,
      "min": 0.011396816520576891,
      "max": 0.012285403703945263,
      "n_seeds": 5,
      "ci95_half_width": 0.00045069730520053375,
      "ci95_low": 0.011448060489869237,
      "ci95_high": 0.012349455100270303
    },
    "mae_raw": {
      "mean": 0.07776539946686137,
      "std": 0.0012608686361534587,
      "min": 0.07603659283031117,
      "max": 0.07930738205259495,
      "n_seeds": 5,
      "ci95_half_width": 0.0015655751919760306,
      "ci95_low": 0.07619982427488534,
      "ci95_high": 0.0793309746588374
    },
    "rmse_raw": {
      "mean": 0.09925482072296363,
      "std": 0.0015173551617953115,
      "min": 0.09714784485869833,
      "max": 0.1008639817141732,
      "n_seeds": 5,
      "ci95_half_width": 0.0018840452768898858,
      "ci95_low": 0.09737077544607374,
      "ci95_high": 0.10113886599985351
    },
    "r2_raw": {
      "mean": 0.8937110280696656,
      "std": 0.003242406448002534,
      "min": 0.8902572056738123,
      "max": 0.8981947584685946,
      "n_seeds": 5,
      "ci95_half_width": 0.004025979354028492,
      "ci95_low": 0.8896850487156371,
      "ci95_high": 0.8977370074236941
    },
    "delta_mae_raw": {
      "mean": 0.07776539946686137,
      "std": 0.0012608686361534587,
      "min": 0.07603659283031117,
      "max": 0.07930738205259495,
      "n_seeds": 5,
      "ci95_half_width": 0.0015655751919760306,
      "ci95_low": 0.07619982427488534,
      "ci95_high": 0.0793309746588374
    },
    "delta_rmse_raw": {
      "mean": 0.09925482072296363,
      "std": 0.0015173551617953115,
      "min": 0.09714784485869833,
      "max": 0.1008639817141732,
      "n_seeds": 5,
      "ci95_half_width": 0.0018840452768898858,
      "ci95_low": 0.09737077544607374,
      "ci95_high": 0.10113886599985351
    },
    "delta_r2_raw": {
      "mean": -0.45933549843171007,
      "std": 0.04451787183542767,
      "min": -0.5067560871909156,
      "max": -0.3977743899016226,
      "n_seeds": 5,
      "ci95_half_width": 0.05527623873469986,
      "ci95_low": -0.51461173716641,
      "ci95_high": -0.4040592596970102
    }
  },
  "test": {
    "mse_norm": {
      "mean": 0.014390270705340952,
      "std": 0.0008406841536514555,
      "min": 0.013283930330167122,
      "max": 0.015293766054525598,
      "n_seeds": 5,
      "ci95_half_width": 0.0010438472474494137,
      "ci95_low": 0.013346423457891539,
      "ci95_high": 0.015434117952790366
    },
    "mae_raw": {
      "mean": 0.09074906654690586,
      "std": 0.0038452108505119217,
      "min": 0.08627885649370594,
      "max": 0.09548541093981541,
      "n_seeds": 5,
      "ci95_half_width": 0.004774459878583129,
      "ci95_low": 0.08597460666832273,
      "ci95_high": 0.09552352642548899
    },
    "rmse_raw": {
      "mean": 0.10912548284243292,
      "std": 0.0032039361531381707,
      "min": 0.1048828999714033,
      "max": 0.11253784994281986,
      "n_seeds": 5,
      "ci95_half_width": 0.003978212173895128,
      "ci95_low": 0.1051472706685378,
      "ci95_high": 0.11310369501632805
    },
    "r2_raw": {
      "mean": 0.9114399376063996,
      "std": 0.005173706779056728,
      "min": 0.9058796805317065,
      "max": 0.9182485359059152,
      "n_seeds": 5,
      "ci95_half_width": 0.006424005444817495,
      "ci95_low": 0.9050159321615822,
      "ci95_high": 0.9178639430512171
    },
    "delta_mae_raw": {
      "mean": 0.09074906654690586,
      "std": 0.0038452108505119217,
      "min": 0.08627885649370594,
      "max": 0.09548541093981541,
      "n_seeds": 5,
      "ci95_half_width": 0.004774459878583129,
      "ci95_low": 0.08597460666832273,
      "ci95_high": 0.09552352642548899
    },
    "delta_rmse_raw": {
      "mean": 0.10912548284243292,
      "std": 0.0032039361531381707,
      "min": 0.1048828999714033,
      "max": 0.11253784994281986,
      "n_seeds": 5,
      "ci95_half_width": 0.003978212173895128,
      "ci95_low": 0.1051472706685378,
      "ci95_high": 0.11310369501632805
    },
    "delta_r2_raw": {
      "mean": -0.8267654441381349,
      "std": 0.10672021345331605,
      "min": -0.9414591922006683,
      "max": -0.6863216395561784,
      "n_seeds": 5,
      "ci95_half_width": 0.13251064692560355,
      "ci95_low": -0.9592760910637385,
      "ci95_high": -0.6942547972125314
    }
  }
}
