{
  "family": "te_qpinn_fnn",
  "system": "fitzhugh_nagumo",
  "regime": "broadband_multiscale",
  "dim": 2,
  "n_seeds": 3,
  "seeds": [
    0,
    1,
    2
  ],
  "pqc_params": 120,
  "classical_params": 200,
  "config_str": "per-component: n=4, L=5, H_fnn=16; dim=2",
  "steps": 1500,
  "metrics": {
    "mae": {
      "mean": 0.42134504388057015,
      "std": 0.15197271658895387,
      "min": 0.3176155132544886,
      "max": 0.5957897624669586,
      "n_seeds": 3,
      "ci95_half_width": 0.37755162644457463,
      "ci95_low": 0.04379341743599552,
      "ci95_high": 0.7988966703251448
    },
    "relative_l2": {
      "mean": 0.4890925521430914,
      "std": 0.12154582567081991,
      "min": 0.39032375618057613,
      "max": 0.6248304760864521,
      "n_seeds": 3,
      "ci95_half_width": 0.3019609387761795,
      "ci95_low": 0.18713161336691186,
      "ci95_high": 0.7910534909192709
    },
    "final_loss": {
      "mean": 0.03924489766359329,
      "std": 0.006973110236427366,
      "min": 0.03167129307985306,
      "max": 0.04539911448955536,
      "n_seeds": 3,
      "ci95_half_width": 0.017323564191204455,
      "ci95_low": 0.021921333472388838,
      "ci95_high": 0.05656846185479775
    }
  }
}
