{
  "family": "qcpinn",
  "system": "fitzhugh_nagumo",
  "regime": "broadband_multiscale",
  "dim": 2,
  "n_seeds": 3,
  "seeds": [
    0,
    1,
    2
  ],
  "pqc_params": 30,
  "classical_params": 1412,
  "config_str": "per-component: n=5, L=1, Cascade; dim=2",
  "steps": 1500,
  "metrics": {
    "mae": {
      "mean": 1.116862361013072,
      "std": 0.22429154129818066,
      "min": 0.8589862015509209,
      "max": 1.2665756732025808,
      "n_seeds": 3,
      "ci95_half_width": 0.5572160458507173,
      "ci95_low": 0.5596463151623546,
      "ci95_high": 1.674078406863789
    },
    "relative_l2": {
      "mean": 1.461463810536414,
      "std": 0.21901705941896926,
      "min": 1.2126478564828604,
      "max": 1.6250692118771337,
      "n_seeds": 3,
      "ci95_half_width": 0.5441124489890853,
      "ci95_low": 0.9173513615473287,
      "ci95_high": 2.0055762595254993
    },
    "final_loss": {
      "mean": 0.2650897627075513,
      "std": 0.1320952848254667,
      "min": 0.11475235968828201,
      "max": 0.36257803440093994,
      "n_seeds": 3,
      "ci95_half_width": 0.328169363231211,
      "ci95_low": -0.06307960052365968,
      "ci95_high": 0.5932591259387623
    }
  }
}
