{
  "best_epoch": 1,
  "val": {
    "mse_norm": 0.08732477332051253,
    "mae_raw": 0.21910270080754635,
    "rmse_raw": 0.2689119647518801,
    "r2_raw": -0.39979641653409326,
    "delta_mae_raw": 0.21910270080754635,
    "delta_rmse_raw": 0.2689119647518801,
    "delta_r2_raw": -0.8677374526698745
  },
  "test": {
    "mse_norm": 0.10472748268582692,
    "mae_raw": 0.2664024168336895,
    "rmse_raw": 0.2944907951229261,
    "r2_raw": 0.006375857445194644,
    "delta_mae_raw": 0.2664024168336895,
    "delta_rmse_raw": 0.2944907951229261,
    "delta_r2_raw": -2.9889256940337
  }
}
