{
  "n_seeds": 5,
  "seeds": [
    0,
    1,
    2,
    3,
    4
  ],
  "val": {
    "mse_norm": {
      "mean": 0.09762013783934961,
      "std": 0.012528572972666628,
      "min": 0.08497703301779493,
      "max": 0.11682632909001076,
      "n_seeds": 5,
      "ci95_half_width": 0.015556278009028862,
      "ci95_low": 0.08206385983032075,
      "ci95_high": 0.11317641584837848
    },
    "mae_raw": {
      "mean": 0.23061636708912098,
      "std": 0.012224843360394895,
      "min": 0.2198006897380477,
      "max": 0.25001691090433226,
      "n_seeds": 5,
      "ci95_half_width": 0.015179147884282663,
      "ci95_low": 0.21543721920483833,
      "ci95_high": 0.24579551497340363
    },
    "rmse_raw": {
      "mean": 0.2838671095224391,
      "std": 0.017982640105841826,
      "min": 0.26527246566885904,
      "max": 0.3110367874053451,
      "n_seeds": 5,
      "ci95_half_width": 0.022328396812078922,
      "ci95_low": 0.26153871271036017,
      "ci95_high": 0.30619550633451803
    },
    "r2_raw": {
      "mean": -0.5648287872164129,
      "std": 0.200830198402646,
      "min": -0.8726997001962544,
      "max": -0.3621626691135913,
      "n_seeds": 5,
      "ci95_half_width": 0.24936362710868462,
      "ci95_low": -0.8141924143250976,
      "ci95_high": -0.3154651601077283
    },
    "delta_mae_raw": {
      "mean": 0.23061636708912098,
      "std": 0.012224843360394895,
      "min": 0.2198006897380477,
      "max": 0.25001691090433226,
      "n_seeds": 5,
      "ci95_half_width": 0.015179147884282663,
      "ci95_low": 0.21543721920483833,
      "ci95_high": 0.24579551497340363
    },
    "delta_rmse_raw": {
      "mean": 0.2838671095224391,
      "std": 0.017982640105841826,
      "min": 0.26527246566885904,
      "max": 0.3110367874053451,
      "n_seeds": 5,
      "ci95_half_width": 0.022328396812078922,
      "ci95_low": 0.26153871271036017,
      "ci95_high": 0.30619550633451803
    },
    "delta_r2_raw": {
      "mean": -1.0879388590925771,
      "std": 0.2679661690465599,
      "min": -1.498728619637812,
      "max": -0.8175230366938513,
      "n_seeds": 5,
      "ci95_half_width": 0.3327239448416973,
      "ci95_low": -1.4206628039342744,
      "ci95_high": -0.7552149142508798
    }
  },
  "test": {
    "mse_norm": {
      "mean": 0.11476855905700936,
      "std": 0.01587821212851146,
      "min": 0.09569384750607818,
      "max": 0.13730984347390102,
      "n_seeds": 5,
      "ci95_half_width": 0.01971540435581504,
      "ci95_low": 0.09505315470119433,
      "ci95_high": 0.1344839634128244
    },
    "mae_raw": {
      "mean": 0.2788224735192849,
      "std": 0.019223080903748056,
      "min": 0.25582815781445567,
      "max": 0.30598437356277247,
      "n_seeds": 5,
      "ci95_half_width": 0.023868607492742236,
      "ci95_low": 0.2549538660265427,
      "ci95_high": 0.30269108101202713
    },
    "rmse_raw": {
      "mean": 0.30770177249580005,
      "std": 0.021197374780038875,
      "min": 0.281503241757148,
      "max": 0.3372036200587672,
      "n_seeds": 5,
      "ci95_half_width": 0.026320017120806706,
      "ci95_low": 0.2813817553749933,
      "ci95_high": 0.3340217896166068
    },
    "r2_raw": {
      "mean": -0.0888909783821665,
      "std": 0.1506478959188299,
      "min": -0.3027561819219926,
      "max": 0.09208438188818213,
      "n_seeds": 5,
      "ci95_half_width": 0.18705406876755884,
      "ci95_low": -0.27594504714972534,
      "ci95_high": 0.09816309038539234
    },
    "delta_mae_raw": {
      "mean": 0.2788224735192849,
      "std": 0.019223080903748056,
      "min": 0.25582815781445567,
      "max": 0.30598437356277247,
      "n_seeds": 5,
      "ci95_half_width": 0.023868607492742236,
      "ci95_low": 0.2549538660265427,
      "ci95_high": 0.30269108101202713
    },
    "delta_rmse_raw": {
      "mean": 0.30770177249580005,
      "std": 0.021197374780038875,
      "min": 0.281503241757148,
      "max": 0.3372036200587672,
      "n_seeds": 5,
      "ci95_half_width": 0.026320017120806706,
      "ci95_low": 0.2813817553749933,
      "ci95_high": 0.3340217896166068
    },
    "delta_r2_raw": {
      "mean": -3.3713764749134443,
      "std": 0.6047792490605571,
      "min": -4.229942978004129,
      "max": -2.6448469617383137,
      "n_seeds": 5,
      "ci95_half_width": 0.7509326204192014,
      "ci95_low": -4.122309095332645,
      "ci95_high": -2.6204438544942428
    }
  }
}
