{
  "best_epoch": 40,
  "val": {
    "mse_norm": 0.07874031277477637,
    "mae_raw": 0.21738373667001723,
    "rmse_raw": 0.25535240944387483,
    "r2_raw": -0.262189450573872,
    "delta_mae_raw": 0.21738373667001723,
    "delta_rmse_raw": 0.25535240944387483,
    "delta_r2_raw": -0.6841295500946261
  },
  "test": {
    "mse_norm": 0.12211798450469177,
    "mae_raw": 0.2917676006572347,
    "rmse_raw": 0.3180029920745011,
    "r2_raw": -0.15862020677039146,
    "delta_mae_raw": 0.2917676006572347,
    "delta_rmse_raw": 0.3180029920745011,
    "delta_r2_raw": -3.6513059762516145
  }
}
