{
  "best_epoch": 1,
  "val": {
    "mse_norm": 0.08842561004569735,
    "mae_raw": 0.21970868261236895,
    "rmse_raw": 0.27060164019983685,
    "r2_raw": -0.4174425808985516,
    "delta_mae_raw": 0.21970868261236895,
    "delta_rmse_raw": 0.27060164019983685,
    "delta_r2_raw": -0.8912825922988734
  },
  "test": {
    "mse_norm": 0.10739653867566595,
    "mae_raw": 0.2695138165312754,
    "rmse_raw": 0.2982198411865296,
    "r2_raw": -0.01894737578185124,
    "delta_mae_raw": 0.2695138165312754,
    "delta_rmse_raw": 0.2982198411865296,
    "delta_r2_raw": -3.0905863636463042
  }
}
