{
  "best_epoch": 45,
  "val": {
    "mse_norm": 0.07489213951562665,
    "mae_raw": 0.20106196889751835,
    "rmse_raw": 0.24903449707398054,
    "r2_raw": -0.2005041013478377,
    "delta_mae_raw": 0.20106196889751835,
    "delta_rmse_raw": 0.24903449707398054,
    "delta_r2_raw": -0.6018232692171892
  },
  "test": {
    "mse_norm": 0.07923127922791796,
    "mae_raw": 0.23133288944271252,
    "rmse_raw": 0.25614726687715966,
    "r2_raw": 0.24827648037209427,
    "delta_mae_raw": 0.23133288944271252,
    "delta_rmse_raw": 0.25614726687715966,
    "delta_r2_raw": -2.017810391103503
  }
}
