{
  "family": "chebyshev_dqc",
  "system": "lotka_volterra",
  "seed": 2,
  "dim": 2,
  "regime": "smooth_periodic",
  "steps": 1200,
  "lr": 0.02,
  "n_colloc": 60,
  "pqc_params": 120,
  "classical_params": 0,
  "per_component_pqc_params": 60,
  "config_str": "per-component: n=4, L=5; dim=2",
  "final_loss": 0.0908423587679863,
  "mae": 0.3037034257588723,
  "mae_per_component": [
    0.4324035769438842,
    0.17500327457386017
  ],
  "relative_l2": 0.10244217444505062
}
