{
  "best_epoch": 1,
  "delta_scale_learned": 0.10019280016422272,
  "val": {
    "mse_norm": 0.11682632909001076,
    "mae_raw": 0.25001691090433226,
    "rmse_raw": 0.3110367874053451,
    "r2_raw": -0.8726997001962544,
    "delta_mae_raw": 0.25001691090433226,
    "delta_rmse_raw": 0.3110367874053451,
    "delta_r2_raw": -1.498728619637812
  },
  "test": {
    "mse_norm": 0.13730984347390102,
    "mae_raw": 0.30598437356277247,
    "rmse_raw": 0.3372036200587672,
    "r2_raw": -0.3027561819219926,
    "delta_mae_raw": 0.30598437356277247,
    "delta_rmse_raw": 0.3372036200587672,
    "delta_r2_raw": -4.229942978004129
  }
}
