{
  "data_reuploading": {
    "2": 0.07864862541082833,
    "3": 0.03821659808598722,
    "4": 0.024383043686504912,
    "5": 0.0090397020684583
  },
  "hardware_efficient": {
    "2": 0.050319586690686945,
    "3": 0.024520644063573575,
    "4": 0.005819704385083893,
    "5": 0.0013872466311311577
  },
  "strongly_entangling": {
    "2": 0.08475442774899486,
    "3": 0.03821659808598722,
    "4": 0.024383043686504912,
    "5": 0.0090397020684583
  },
  "brickwall": {
    "2": 0.050319586690686945,
    "3": 0.0457220912196288,
    "4": 0.029365194534465528,
    "5": 0.023560460712162213
  }
}
