{
  "best_epoch": 1,
  "delta_scale_learned": 0.09889309853315353,
  "val": {
    "mse_norm": 0.0005831135443556452,
    "mae_raw": 0.07181024991653183,
    "rmse_raw": 0.09176142751993081,
    "r2_raw": 0.9091710847021259
  },
  "test": {
    "mse_norm": 0.000872088832733396,
    "mae_raw": 0.09281447044638705,
    "rmse_raw": 0.11221837079850268,
    "r2_raw": 0.9064133082330113
  }
}
