{
  "system": "van_der_pol",
  "family": "plain_mlp",
  "seed": 2,
  "n_train_points": 560,
  "n_test_points": 240,
  "trainable_params": 159,
  "sampled_dt": 0.1,
  "rollout_steps": 200,
  "dt_step": 0.1,
  "relative_l2": 2.576667977489264,
  "vpt_step": 1,
  "vpt_time": 0.1,
  "vpt_lyapunov": null,
  "spectral_error": 11.191278459739527,
  "invariant_drift_final": null,
  "persistence_floor_relative_l2": 1.34648773242043,
  "train_loss_history": [
    0.2849702835083008,
    0.2707720696926117,
    0.26489174365997314,
    0.25954052805900574,
    0.2543024718761444
  ]
}
