{
  "n_seeds": 5,
  "seeds": [
    0,
    1,
    2,
    3,
    4
  ],
  "val": {
    "mse_norm": {
      "mean": 0.0845551767513718,
      "std": 0.004425631362168537,
      "min": 0.0786799770927808,
      "max": 0.08949260407298149,
      "n_seeds": 5,
      "ci95_half_width": 0.005495147131726157,
      "ci95_low": 0.07906002961964564,
      "ci95_high": 0.09005032388309794
    },
    "mae_raw": {
      "mean": 0.21517606238001266,
      "std": 0.005713913789809646,
      "min": 0.2069459986529852,
      "max": 0.21957583259595062,
      "n_seeds": 5,
      "ci95_half_width": 0.007094761041646667,
      "ci95_low": 0.208081301338366,
      "ci95_high": 0.22227082342165932
    },
    "rmse_raw": {
      "mean": 0.26454017689161885,
      "std": 0.006949521382977943,
      "min": 0.25525455731589153,
      "max": 0.27222936181249063,
      "n_seeds": 5,
      "ci95_half_width": 0.008628970505990945,
      "ci95_low": 0.2559112063856279,
      "ci95_high": 0.2731691473976098
    },
    "r2_raw": {
      "mean": -0.3554004083303403,
      "std": 0.07094187234734249,
      "min": -0.4345462544503125,
      "max": -0.261222283202746,
      "n_seeds": 5,
      "ci95_half_width": 0.08808596885886233,
      "ci95_low": -0.44348637718920264,
      "ci95_high": -0.267314439471478
    },
    "delta_mae_raw": {
      "mean": 0.21517606238001266,
      "std": 0.005713913789809646,
      "min": 0.2069459986529852,
      "max": 0.21957583259595062,
      "n_seeds": 5,
      "ci95_half_width": 0.007094761041646667,
      "ci95_low": 0.208081301338366,
      "ci95_high": 0.22227082342165932
    },
    "delta_rmse_raw": {
      "mean": 0.26454017689161885,
      "std": 0.006949521382977943,
      "min": 0.25525455731589153,
      "max": 0.27222936181249063,
      "n_seeds": 5,
      "ci95_half_width": 0.008628970505990945,
      "ci95_low": 0.2559112063856279,
      "ci95_high": 0.2731691473976098
    },
    "delta_r2_raw": {
      "mean": -0.8085002048160053,
      "std": 0.09465718755998093,
      "min": -0.9141038906630738,
      "max": -0.6828390662066013,
      "n_seeds": 5,
      "ci95_half_width": 0.11753242196444952,
      "ci95_low": -0.9260326267804548,
      "ci95_high": -0.6909677828515557
    }
  },
  "test": {
    "mse_norm": {
      "mean": 0.09929161785231055,
      "std": 0.012722307922968763,
      "min": 0.08509360692548164,
      "max": 0.11776129702968934,
      "n_seeds": 5,
      "ci95_half_width": 0.015796831722012822,
      "ci95_low": 0.08349478613029773,
      "ci95_high": 0.11508844957432338
    },
    "mae_raw": {
      "mean": 0.2580756350705321,
      "std": 0.016830815887965634,
      "min": 0.2385474507573625,
      "max": 0.2816712820697838,
      "n_seeds": 5,
      "ci95_half_width": 0.020898218148482847,
      "ci95_low": 0.23717741692204924,
      "ci95_high": 0.27897385321901497
    },
    "rmse_raw": {
      "mean": 0.2862843697621066,
      "std": 0.018188195808401513,
      "min": 0.2654543574609227,
      "max": 0.31227892991728684,
      "n_seeds": 5,
      "ci95_half_width": 0.022583627927572767,
      "ci95_low": 0.2637007418345338,
      "ci95_high": 0.3088679976896794
    },
    "r2_raw": {
      "mean": 0.057949774775468324,
      "std": 0.12070558727359554,
      "min": -0.11728521288235094,
      "max": 0.19265640641938298,
      "n_seeds": 5,
      "ci95_half_width": 0.14987578209966604,
      "ci95_low": -0.09192600732419771,
      "ci95_high": 0.20782555687513438
    },
    "delta_mae_raw": {
      "mean": 0.2580756350705321,
      "std": 0.016830815887965634,
      "min": 0.2385474507573625,
      "max": 0.2816712820697838,
      "n_seeds": 5,
      "ci95_half_width": 0.020898218148482847,
      "ci95_low": 0.23717741692204924,
      "ci95_high": 0.27897385321901497
    },
    "delta_rmse_raw": {
      "mean": 0.2862843697621066,
      "std": 0.018188195808401513,
      "min": 0.2654543574609227,
      "max": 0.31227892991728684,
      "n_seeds": 5,
      "ci95_half_width": 0.022583627927572767,
      "ci95_low": 0.2637007418345338,
      "ci95_high": 0.3088679976896794
    },
    "delta_r2_raw": {
      "mean": -2.781881083129078,
      "std": 0.484575200891433,
      "min": -3.4853657458151996,
      "max": -2.2410983856197864,
      "n_seeds": 5,
      "ci95_half_width": 0.6016795813692489,
      "ci95_low": -3.383560664498327,
      "ci95_high": -2.180201501759829
    }
  }
}
