{
  "best_epoch": 1,
  "val": {
    "mse_norm": 0.0852389000025406,
    "mae_raw": 0.21726786955406785,
    "rmse_raw": 0.2656808858237714,
    "r2_raw": -0.3663603378038971,
    "delta_mae_raw": 0.21726786955406785,
    "delta_rmse_raw": 0.2656808858237714,
    "delta_r2_raw": -0.8231239533229966
  },
  "test": {
    "mse_norm": 0.10294279639574726,
    "mae_raw": 0.26406657292809277,
    "rmse_raw": 0.2919707685630845,
    "r2_raw": 0.02330844609558247,
    "delta_mae_raw": 0.26406657292809277,
    "delta_rmse_raw": 0.2919707685630845,
    "delta_r2_raw": -2.920949449253285
  }
}
