{
  "best_epoch": 1,
  "val": {
    "mse_norm": 0.08826934101043822,
    "mae_raw": 0.21993328996394806,
    "rmse_raw": 0.27036242581162023,
    "r2_raw": -0.4149376235164337,
    "delta_mae_raw": 0.21993328996394806,
    "delta_rmse_raw": 0.27036242581162023,
    "delta_r2_raw": -0.8879402471802111
  },
  "test": {
    "mse_norm": 0.10578783482663016,
    "mae_raw": 0.26757980561592204,
    "rmse_raw": 0.2959778809639876,
    "r2_raw": -0.0036844577623471597,
    "delta_mae_raw": 0.26757980561592204,
    "delta_rmse_raw": 0.2959778809639876,
    "delta_r2_raw": -3.029313047865763
  }
}
