{
  "family": "qcpinn",
  "system": "van_der_pol",
  "regime": "smooth_periodic",
  "dim": 2,
  "n_seeds": 3,
  "seeds": [
    0,
    1,
    2
  ],
  "pqc_params": 30,
  "classical_params": 1412,
  "config_str": "per-component: n=5, L=1, Cascade; dim=2",
  "steps": 1500,
  "metrics": {
    "mae": {
      "mean": 2.0391456104025822,
      "std": 1.0780637783483986,
      "min": 0.8156227085285047,
      "max": 2.8495657929097495,
      "n_seeds": 3,
      "ci95_half_width": 2.678275035559941,
      "ci95_low": -0.6391294251573587,
      "ci95_high": 4.717420645962523
    },
    "relative_l2": {
      "mean": 2.3145934614521098,
      "std": 1.305172229575481,
      "min": 0.8674133755975532,
      "max": 3.402500534155009,
      "n_seeds": 3,
      "ci95_half_width": 3.242489238376433,
      "ci95_low": -0.9278957769243235,
      "ci95_high": 5.557082699828543
    },
    "final_loss": {
      "mean": 15.019177397092184,
      "std": 11.819030773711848,
      "min": 1.7426003217697144,
      "max": 24.394044876098633,
      "n_seeds": 3,
      "ci95_half_width": 29.36246973647722,
      "ci95_low": -14.343292339385036,
      "ci95_high": 44.3816471335694
    }
  }
}
