{
  "family": "te_qpinn_qnn",
  "system": "lotka_volterra",
  "seed": 0,
  "dim": 2,
  "regime": "smooth_periodic",
  "steps": 2000,
  "lr": 0.02,
  "n_colloc": 60,
  "pqc_params": 168,
  "classical_params": 0,
  "per_component_pqc_params": 84,
  "config_str": "per-component: n=4, L_var=5, K_embed=3; dim=2",
  "final_loss": 3.113274335861206,
  "mae": 1.4964263019604358,
  "mae_per_component": [
    2.18528137332891,
    0.8075712305919615
  ],
  "relative_l2": 0.5242176042875145
}
