{
  "pde": "heat",
  "seed": 0,
  "regime": "smooth_periodic",
  "steps": 600,
  "lr": 0.02,
  "n_t_qubits": 4,
  "n_x_qubits": 4,
  "num_layers": 5,
  "n_t_colloc": 24,
  "n_x_colloc": 24,
  "pqc_params": 120,
  "final_loss": 0.02462732046842575,
  "mae": 0.029880213579535485,
  "rmse": 0.03780652604881624,
  "relative_l2": 0.055609475858776916
}
