{
  "best_epoch": 1,
  "delta_scale_learned": 0.10155826061964035,
  "val": {
    "mse_norm": 0.09585371100650034,
    "mae_raw": 0.22744236833170836,
    "rmse_raw": 0.28173827940924695,
    "r2_raw": -0.5365133635780759,
    "delta_mae_raw": 0.22744236833170836,
    "delta_rmse_raw": 0.28173827940924695,
    "delta_r2_raw": -1.0501578099393853
  },
  "test": {
    "mse_norm": 0.11631675508701478,
    "mae_raw": 0.2808212200688644,
    "rmse_raw": 0.3103577047336781,
    "r2_raw": -0.10357981567080565,
    "delta_mae_raw": 0.2808212200688644,
    "delta_rmse_raw": 0.3103577047336781,
    "delta_r2_raw": -3.4303451311353834
  }
}
