{
  "n_seeds": 5,
  "seeds": [
    0,
    1,
    2,
    3,
    4
  ],
  "val": {
    "mse_norm": {
      "mean": 0.08584829287433585,
      "std": 0.003186911455739392,
      "min": 0.08227739043744495,
      "max": 0.09057798024183676,
      "n_seeds": 5,
      "ci95_half_width": 0.0039570732200547515,
      "ci95_low": 0.08189121965428109,
      "ci95_high": 0.0898053660943906
    },
    "mae_raw": {
      "mean": 0.21817821211250205,
      "std": 0.0052518068366673365,
      "min": 0.2119899529218674,
      "max": 0.22641106178886003,
      "n_seeds": 5,
      "ci95_half_width": 0.0065209794746102275,
      "ci95_low": 0.21165723263789182,
      "ci95_high": 0.22469919158711227
    },
    "rmse_raw": {
      "mean": 0.2665924285753243,
      "std": 0.004930562283873118,
      "min": 0.26102472492323053,
      "max": 0.2738752004805565,
      "n_seeds": 5,
      "ci95_half_width": 0.006122101678786579,
      "ci95_low": 0.2604703268965377,
      "ci95_high": 0.27271453025411085
    },
    "r2_raw": {
      "mean": -0.37612876806445417,
      "std": 0.051085471692917,
      "min": -0.45194458958459083,
      "max": -0.31888800756907565,
      "n_seeds": 5,
      "ci95_half_width": 0.06343099103235254,
      "ci95_low": -0.4395597590968067,
      "ci95_high": -0.3126977770321016
    },
    "delta_mae_raw": {
      "mean": 0.21817821211250205,
      "std": 0.0052518068366673365,
      "min": 0.2119899529218674,
      "max": 0.22641106178886003,
      "n_seeds": 5,
      "ci95_half_width": 0.0065209794746102275,
      "ci95_low": 0.21165723263789182,
      "ci95_high": 0.22469919158711227
    },
    "delta_rmse_raw": {
      "mean": 0.2665924285753243,
      "std": 0.004930562283873118,
      "min": 0.26102472492323053,
      "max": 0.2738752004805565,
      "n_seeds": 5,
      "ci95_half_width": 0.006122101678786579,
      "ci95_low": 0.2604703268965377,
      "ci95_high": 0.27271453025411085
    },
    "delta_r2_raw": {
      "mean": -0.8361578937131361,
      "std": 0.06816294686938427,
      "min": -0.9373183536810983,
      "max": -0.759781992950912,
      "n_seeds": 5,
      "ci95_half_width": 0.08463547713919042,
      "ci95_low": -0.9207933708523265,
      "ci95_high": -0.7515224165739457
    }
  },
  "test": {
    "mse_norm": {
      "mean": 0.10239315817149863,
      "std": 0.0042293279263514545,
      "min": 0.09779308470607267,
      "max": 0.10823122942201495,
      "n_seeds": 5,
      "ci95_half_width": 0.005251404222748382,
      "ci95_low": 0.09714175394875026,
      "ci95_high": 0.10764456239424701
    },
    "mae_raw": {
      "mean": 0.2632887362963717,
      "std": 0.005957077743633045,
      "min": 0.2567000045239085,
      "max": 0.2720153819003575,
      "n_seeds": 5,
      "ci95_half_width": 0.0073966889687700635,
      "ci95_low": 0.2558920473276016,
      "ci95_high": 0.2706854252651417
    },
    "rmse_raw": {
      "mean": 0.2911408847966714,
      "std": 0.005995777850839954,
      "min": 0.2845741615907859,
      "max": 0.2993764871935846,
      "n_seeds": 5,
      "ci95_half_width": 0.0074447414986155095,
      "ci95_low": 0.28369614329805587,
      "ci95_high": 0.2985856262952869
    },
    "r2_raw": {
      "mean": 0.028523255000354176,
      "std": 0.04012664323280608,
      "min": -0.026866680780592178,
      "max": 0.07216742495032624,
      "n_seeds": 5,
      "ci95_half_width": 0.049823808270942,
      "ci95_low": -0.021300553270587826,
      "ci95_high": 0.07834706327129617
    },
    "delta_mae_raw": {
      "mean": 0.2632887362963717,
      "std": 0.005957077743633045,
      "min": 0.2567000045239085,
      "max": 0.2720153819003575,
      "n_seeds": 5,
      "ci95_half_width": 0.0073966889687700635,
      "ci95_low": 0.2558920473276016,
      "ci95_high": 0.2706854252651417
    },
    "delta_rmse_raw": {
      "mean": 0.2911408847966714,
      "std": 0.005995777850839954,
      "min": 0.2845741615907859,
      "max": 0.2993764871935846,
      "n_seeds": 5,
      "ci95_half_width": 0.0074447414986155095,
      "ci95_low": 0.28369614329805587,
      "ci95_high": 0.2985856262952869
    },
    "delta_r2_raw": {
      "mean": -2.9000144856802033,
      "std": 0.16108928049504892,
      "min": -3.122378585509135,
      "max": -2.724804017805914,
      "n_seeds": 5,
      "ci95_half_width": 0.20001876008725006,
      "ci95_low": -3.1000332457674533,
      "ci95_high": -2.699995725592953
    }
  }
}
