{
  "system": "lorenz",
  "family": "plain_neuralode",
  "seed": 0,
  "n_train_points": 560,
  "n_test_points": 240,
  "trainable_params": 58,
  "sampled_dt": 0.05,
  "rollout_steps": 200,
  "dt_step": 0.05,
  "relative_l2": 0.9431813262903764,
  "vpt_step": 2,
  "vpt_time": 0.1,
  "vpt_lyapunov": 0.09060000000000001,
  "spectral_error": 2.2590250514061916,
  "invariant_drift_final": null,
  "persistence_floor_relative_l2": 0.45480979577386477,
  "train_loss_history": [
    10.202628135681152,
    10.01911735534668,
    9.780247688293457,
    9.515237808227539,
    9.097386360168457
  ]
}
