{
  "best_epoch": 10,
  "delta_scale_learned": 0.10131631046533585,
  "val": {
    "mse_norm": 0.085285003617424,
    "mae_raw": 0.21739281619849948,
    "rmse_raw": 0.26575272622418905,
    "r2_raw": -0.3670993683498587,
    "delta_mae_raw": 0.21739281619849948,
    "delta_rmse_raw": 0.26575272622418905,
    "delta_r2_raw": -0.8241100360226346
  },
  "test": {
    "mse_norm": 0.10526779769839509,
    "mae_raw": 0.2669813540955664,
    "rmse_raw": 0.2952494932663576,
    "r2_raw": 0.0012495044831639657,
    "delta_mae_raw": 0.2669813540955664,
    "delta_rmse_raw": 0.2952494932663576,
    "delta_r2_raw": -3.0095055493040768
  }
}
