{
  "family": "te_qpinn_qnn",
  "ode": "logistic",
  "n_seeds": 3,
  "seeds": [
    0,
    1,
    2
  ],
  "pqc_params": 84,
  "classical_params": 0,
  "config_str": "n=4, L_var=5, K_embed=3",
  "steps": 2000,
  "metrics": {
    "mae": {
      "mean": 0.03513779739538828,
      "std": 0.00010044330160800233,
      "min": 0.035041775554418564,
      "max": 0.035242144018411636,
      "n_seeds": 3,
      "ci95_half_width": 0.0002495351319548672,
      "ci95_low": 0.03488826226343342,
      "ci95_high": 0.03538733252734315
    },
    "rmse": {
      "mean": 0.046629175543785095,
      "std": 7.090417365748237e-05,
      "min": 0.04656211659312248,
      "max": 0.04670338332653046,
      "n_seeds": 3,
      "ci95_half_width": 0.00017614994774684973,
      "ci95_low": 0.04645302559603825,
      "ci95_high": 0.04680532549153194
    },
    "final_loss": {
      "mean": 0.002570336606974403,
      "std": 5.707547357691988e-06,
      "min": 0.0025645431596785784,
      "max": 0.0025759541895240545,
      "n_seeds": 3,
      "ci95_half_width": 1.4179477976526957e-05,
      "ci95_low": 0.002556157128997876,
      "ci95_high": 0.0025845160849509298
    }
  }
}
