{
  "best_epoch": 1,
  "val": {
    "mse_norm": 0.08342965381009741,
    "mae_raw": 0.21385460059893752,
    "rmse_raw": 0.2628461457205368,
    "r2_raw": -0.33735852949098577,
    "delta_mae_raw": 0.21385460059893752,
    "delta_rmse_raw": 0.2628461457205368,
    "delta_r2_raw": -0.7844270664461914
  },
  "test": {
    "mse_norm": 0.09911661410211056,
    "mae_raw": 0.25897701535426393,
    "rmse_raw": 0.2864933998156986,
    "r2_raw": 0.05961015986997098,
    "delta_mae_raw": 0.25897701535426393,
    "delta_rmse_raw": 0.2864933998156986,
    "delta_r2_raw": -2.775215431116615
  }
}
