{
  "best_epoch": 10,
  "delta_scale_learned": 0.10765186697244644,
  "val": {
    "mse_norm": 0.08244114921096841,
    "mae_raw": 0.21434491226547642,
    "rmse_raw": 0.26128435785864207,
    "r2_raw": -0.3215130237659427,
    "delta_mae_raw": 0.21434491226547642,
    "delta_rmse_raw": 0.26128435785864207,
    "delta_r2_raw": -0.7632845316107075
  },
  "test": {
    "mse_norm": 0.08935730800758504,
    "mae_raw": 0.24559746403089708,
    "rmse_raw": 0.2720235040600006,
    "r2_raw": 0.1522036406012245,
    "delta_mae_raw": 0.24559746403089708,
    "delta_rmse_raw": 0.2720235040600006,
    "delta_r2_raw": -2.4034968923145654
  }
}
