{
  "best_epoch": 1,
  "delta_scale_learned": 0.09928305447101593,
  "val": {
    "mse_norm": 0.08402472204156067,
    "mae_raw": 0.21788394575056272,
    "rmse_raw": 0.26378186503741374,
    "r2_raw": -0.346897338998549,
    "delta_mae_raw": 0.21788394575056272,
    "delta_rmse_raw": 0.26378186503741374,
    "delta_r2_raw": -0.7971546256546027
  },
  "test": {
    "mse_norm": 0.0979811352018367,
    "mae_raw": 0.25846100897856156,
    "rmse_raw": 0.2848476400826254,
    "r2_raw": 0.07038325609780982,
    "delta_mae_raw": 0.25846100897856156,
    "delta_rmse_raw": 0.2848476400826254,
    "delta_r2_raw": -2.731966602402539
  }
}
