{
  "best_epoch": 1,
  "val": {
    "mse_norm": 0.08860446178669247,
    "mae_raw": 0.21999644985324446,
    "rmse_raw": 0.27087516461565836,
    "r2_raw": -0.4203095339591332,
    "delta_mae_raw": 0.21999644985324446,
    "delta_rmse_raw": 0.27087516461565836,
    "delta_r2_raw": -0.8951079454309763
  },
  "test": {
    "mse_norm": 0.10653869849638603,
    "mae_raw": 0.268687583560675,
    "rmse_raw": 0.29702642344555347,
    "r2_raw": -0.010808435641915581,
    "delta_mae_raw": 0.268687583560675,
    "delta_rmse_raw": 0.29702642344555347,
    "delta_r2_raw": -3.0579124117403893
  }
}
