{
  "best_epoch": 1,
  "val": {
    "mse_norm": 0.09049172406387235,
    "mae_raw": 0.21987841741034858,
    "rmse_raw": 0.273744765607112,
    "r2_raw": -0.45056192251054816,
    "delta_mae_raw": 0.21987841741034858,
    "delta_rmse_raw": 0.273744765607112,
    "delta_r2_raw": -0.9354734717766586
  },
  "test": {
    "mse_norm": 0.1148396734338004,
    "mae_raw": 0.28057060271921286,
    "rmse_raw": 0.3083808255558864,
    "r2_raw": -0.08956569107314438,
    "delta_mae_raw": 0.28057060271921286,
    "delta_rmse_raw": 0.3083808255558864,
    "delta_r2_raw": -3.3740851236608584
  }
}
