{
  "system": "lotka_volterra",
  "family": "non_liquid_hardware_efficient",
  "seed": 2,
  "n_train_points": 560,
  "n_test_points": 240,
  "trainable_params": 36,
  "sampled_dt": 0.1,
  "rollout_steps": 200,
  "dt_step": 0.1,
  "relative_l2": 0.6790904248321046,
  "vpt_step": 33,
  "vpt_time": 3.3000000000000003,
  "vpt_lyapunov": null,
  "spectral_error": 0.29797703773420936,
  "invariant_drift_final": 0.24294036846342756,
  "persistence_floor_relative_l2": 0.8837616584035011,
  "train_loss_history": [
    0.06485246121883392,
    0.05106709152460098,
    0.03488319367170334,
    0.024934396147727966,
    0.016988566145300865
  ]
}
