{
  "best_epoch": 1,
  "val": {
    "mse_norm": 0.0002506503106996768,
    "mae_raw": 0.046017797833139244,
    "rmse_raw": 0.060161370384187,
    "r2_raw": 0.9609573537430277
  },
  "test": {
    "mse_norm": 0.00033541110738990825,
    "mae_raw": 0.05971553658330162,
    "rmse_raw": 0.06959408301508307,
    "r2_raw": 0.9640059421192934
  }
}
