{
  "best_epoch": 1,
  "delta_scale_learned": 0.0989856943488121,
  "val": {
    "mse_norm": 0.010373945810087387,
    "mae_raw": 0.07215073053132404,
    "rmse_raw": 0.09268583778190366,
    "r2_raw": 0.9073318363138659
  },
  "test": {
    "mse_norm": 0.012931318747862776,
    "mae_raw": 0.08496640698854313,
    "rmse_raw": 0.10348152035559374,
    "r2_raw": 0.9204185648351131
  }
}
