{
  "system": "van_der_pol",
  "family": "classical_ltc",
  "seed": 2,
  "n_train_points": 560,
  "n_test_points": 240,
  "trainable_params": 51,
  "sampled_dt": 0.1,
  "rollout_steps": 200,
  "dt_step": 0.1,
  "relative_l2": 1.2162786381422466,
  "vpt_step": 1,
  "vpt_time": 0.1,
  "vpt_lyapunov": null,
  "spectral_error": 1.0393805138313226,
  "invariant_drift_final": null,
  "persistence_floor_relative_l2": 1.34648773242043,
  "train_loss_history": [
    0.2977341413497925,
    0.2881543040275574,
    0.27548748254776,
    0.265495240688324,
    0.26092204451560974
  ]
}
