{
  "family": "chebyshev_dqc",
  "ode": "expdecay",
  "seed": 0,
  "steps": 1200,
  "lr": 0.02,
  "n_colloc": 60,
  "pqc_params": 60,
  "classical_params": 0,
  "config_str": "n=4, L=5",
  "final_loss": 0.00010909383854595944,
  "mae": 0.003391522914171219,
  "rmse": 0.004352044779807329
}
