{
  "best_epoch": 5,
  "val": {
    "mse_norm": 0.08519914511909944,
    "mae_raw": 0.21691055777825802,
    "rmse_raw": 0.2656189226563616,
    "r2_raw": -0.3657230759907293,
    "delta_mae_raw": 0.21691055777825802,
    "delta_rmse_raw": 0.2656189226563616,
    "delta_r2_raw": -0.8222736598506382
  },
  "test": {
    "mse_norm": 0.10131819489317381,
    "mae_raw": 0.26129891875764016,
    "rmse_raw": 0.28965772420399427,
    "r2_raw": 0.03872219646548625,
    "delta_mae_raw": 0.26129891875764016,
    "delta_rmse_raw": 0.28965772420399427,
    "delta_r2_raw": -2.8590706137271655
  }
}
