{
  "best_epoch": 1,
  "val": {
    "mse_norm": 0.08509687886777403,
    "mae_raw": 0.21729991981857696,
    "rmse_raw": 0.26545946091711187,
    "r2_raw": -0.3640837710524585,
    "delta_mae_raw": 0.21729991981857696,
    "delta_rmse_raw": 0.26545946091711187,
    "delta_r2_raw": -0.8200863480434426
  },
  "test": {
    "mse_norm": 0.10188252210469459,
    "mae_raw": 0.2629164234349425,
    "rmse_raw": 0.2904632791849902,
    "r2_raw": 0.03336802268714967,
    "delta_mae_raw": 0.2629164234349425,
    "delta_rmse_raw": 0.2904632791849902,
    "delta_r2_raw": -2.8805650606110893
  }
}
