{
  "family": "chebyshev_dqc",
  "system": "lorenz",
  "seed": 2,
  "dim": 3,
  "regime": "broadband_multiscale",
  "steps": 1200,
  "lr": 0.02,
  "n_colloc": 60,
  "pqc_params": 180,
  "classical_params": 0,
  "per_component_pqc_params": 60,
  "config_str": "per-component: n=4, L=5; dim=3",
  "final_loss": 5.749895095825195,
  "mae": 14.014241029249552,
  "mae_per_component": [
    8.044848972084937,
    9.15551972708702,
    24.842354388576705
  ],
  "relative_l2": 0.9966388255037443
}
