{
  "system": "lorenz",
  "family": "plain_mlp",
  "n_seeds": 3,
  "seeds": [
    0,
    1,
    2
  ],
  "trainable_params": 214,
  "n_train_points": 560,
  "n_test_points": 240,
  "rollout_steps": 200,
  "sampled_dt": 0.05,
  "metrics": {
    "relative_l2": {
      "mean": 1.5320131753963004,
      "std": 0.6301856884580777,
      "min": 0.8048450304664225,
      "max": 1.9191316628064041,
      "n_seeds": 3,
      "ci95_half_width": 1.5655943841747115,
      "ci95_low": -0.03358120877841109,
      "ci95_high": 3.0976075595710117
    },
    "vpt_time": {
      "mean": 0.13333333333333333,
      "std": 0.028867513459481298,
      "min": 0.1,
      "max": 0.15000000000000002,
      "n_seeds": 3,
      "ci95_half_width": 0.07171666666666669,
      "ci95_low": 0.06161666666666664,
      "ci95_high": 0.20505
    },
    "spectral_error": {
      "mean": 3.4977095794706954,
      "std": 2.3277306189944067,
      "min": 0.8120986115633806,
      "max": 4.935120197513557,
      "n_seeds": 3,
      "ci95_half_width": 5.7828701154510584,
      "ci95_low": -2.285160535980363,
      "ci95_high": 9.280579694921753
    },
    "persistence_floor_relative_l2": {
      "mean": 0.45480979577386477,
      "std": 0.0,
      "min": 0.45480979577386477,
      "max": 0.45480979577386477,
      "n_seeds": 3,
      "ci95_half_width": 0.0,
      "ci95_low": 0.45480979577386477,
      "ci95_high": 0.45480979577386477
    },
    "vpt_lyapunov": {
      "mean": 0.12080000000000002,
      "std": 0.02615396719429005,
      "min": 0.09060000000000001,
      "max": 0.13590000000000002,
      "n_seeds": 3,
      "ci95_half_width": 0.0649753,
      "ci95_low": 0.05582470000000002,
      "ci95_high": 0.18577530000000003
    }
  }
}
