{
  "family": "chebyshev_dqc",
  "ode": "logistic",
  "n_seeds": 3,
  "seeds": [
    0,
    1,
    2
  ],
  "pqc_params": 60,
  "classical_params": 0,
  "config_str": "n=4, L=5",
  "steps": 1200,
  "metrics": {
    "mae": {
      "mean": 0.010145192810644707,
      "std": 0.00516560443944707,
      "min": 0.0058007691986858845,
      "max": 0.015856890007853508,
      "n_seeds": 3,
      "ci95_half_width": 0.012833108478001062,
      "ci95_low": -0.002687915667356355,
      "ci95_high": 0.022978301288645767
    },
    "rmse": {
      "mean": 0.012359899934381247,
      "std": 0.006248644805892273,
      "min": 0.00696335406973958,
      "max": 0.019205886870622635,
      "n_seeds": 3,
      "ci95_half_width": 0.015523747041516978,
      "ci95_low": -0.0031638471071357317,
      "ci95_high": 0.027883646975898225
    },
    "final_loss": {
      "mean": 0.0004369220502364139,
      "std": 0.0003714655362622485,
      "min": 0.00017569056944921613,
      "max": 0.0008621650631539524,
      "n_seeds": 3,
      "ci95_half_width": 0.0009228460248114819,
      "ci95_low": -0.00048592397457506803,
      "ci95_high": 0.0013597680750478958
    }
  }
}
