{
  "system": "lotka_volterra",
  "family": "non_liquid_brickwall",
  "n_seeds": 3,
  "seeds": [
    0,
    1,
    2
  ],
  "trainable_params": 36,
  "n_train_points": 560,
  "n_test_points": 240,
  "rollout_steps": 200,
  "sampled_dt": 0.1,
  "metrics": {
    "relative_l2": {
      "mean": 0.5959075300787328,
      "std": 0.25092656490448423,
      "min": 0.3087946744416301,
      "max": 0.7732100253821852,
      "n_seeds": 3,
      "ci95_half_width": 0.6233864526754412,
      "ci95_low": -0.027478922596708477,
      "ci95_high": 1.219293982754174
    },
    "vpt_time": {
      "mean": 2.1666666666666665,
      "std": 0.8962886439832501,
      "min": 1.6,
      "max": 3.2,
      "n_seeds": 3,
      "ci95_half_width": 2.226684123933563,
      "ci95_low": -0.06001745726689656,
      "ci95_high": 4.39335079060023
    },
    "spectral_error": {
      "mean": 0.41829378149007357,
      "std": 0.2785407014807056,
      "min": 0.19412633142409677,
      "max": 0.7301189346984706,
      "n_seeds": 3,
      "ci95_half_width": 0.6919893072615966,
      "ci95_low": -0.273695525771523,
      "ci95_high": 1.1102830887516701
    },
    "persistence_floor_relative_l2": {
      "mean": 0.883761658403501,
      "std": 1.3597399555105182e-16,
      "min": 0.8837616584035011,
      "max": 0.8837616584035011,
      "n_seeds": 3,
      "ci95_half_width": 3.378053924858142e-16,
      "ci95_low": 0.8837616584035006,
      "ci95_high": 0.8837616584035013
    },
    "invariant_drift_final": {
      "mean": 0.44558682259565235,
      "std": 0.32668719393383444,
      "min": 0.22195126767575873,
      "max": 0.8204918034922472,
      "n_seeds": 3,
      "ci95_half_width": 0.8116014780596376,
      "ci95_low": -0.3660146554639852,
      "ci95_high": 1.25718830065529
    }
  }
}
