{
  "best_epoch": 1,
  "val": {
    "mse_norm": 0.0003123822438353609,
    "mae_raw": 0.051046478070995986,
    "rmse_raw": 0.06716248656044986,
    "r2_raw": 0.9513416543989986
  },
  "test": {
    "mse_norm": 0.00041302260914803884,
    "mae_raw": 0.06555257855459701,
    "rmse_raw": 0.07722723921064176,
    "r2_raw": 0.9556771991977202
  }
}
