{
  "best_epoch": 1,
  "delta_scale_learned": 0.09900769591331482,
  "val": {
    "mse_norm": 0.009933107617460185,
    "mae_raw": 0.07032514996149322,
    "rmse_raw": 0.0906951289652249,
    "r2_raw": 0.911269746395655
  },
  "test": {
    "mse_norm": 0.012399374206855624,
    "mae_raw": 0.0832558846750925,
    "rmse_raw": 0.1013307543675519,
    "r2_raw": 0.9236922379095218
  }
}
