{
  "system": "lorenz",
  "family": "non_liquid_hardware_efficient",
  "seed": 2,
  "n_train_points": 560,
  "n_test_points": 240,
  "trainable_params": 46,
  "sampled_dt": 0.05,
  "rollout_steps": 200,
  "dt_step": 0.05,
  "relative_l2": 1.0544274682873847,
  "vpt_step": 2,
  "vpt_time": 0.1,
  "vpt_lyapunov": 0.09060000000000001,
  "spectral_error": 2.061378342330967,
  "invariant_drift_final": null,
  "persistence_floor_relative_l2": 0.45480979577386477,
  "train_loss_history": [
    10.253641128540039,
    10.042932510375977,
    9.783975601196289,
    9.512468338012695,
    9.15916633605957
  ]
}
