{
  "n_seeds": 5,
  "seeds": [
    0,
    1,
    2,
    3,
    4
  ],
  "val": {
    "mse_norm": {
      "mean": 0.012115036426650473,
      "std": 0.001913217102308058,
      "min": 0.009924066150675547,
      "max": 0.014114216157172425,
      "n_seeds": 5
    },
    "mae_raw": {
      "mean": 0.0785244369533929,
      "std": 0.006965665206800685,
      "min": 0.07029957569458269,
      "max": 0.08541904013265263,
      "n_seeds": 5
    },
    "rmse_raw": {
      "mean": 0.09990798699409073,
      "std": 0.007973064004654194,
      "min": 0.09065384260677767,
      "max": 0.10811097261496855,
      "n_seeds": 5
    },
    "r2_raw": {
      "mean": 0.8917790588845513,
      "std": 0.017090345260083944,
      "min": 0.8739208284775766,
      "max": 0.9113505118188894,
      "n_seeds": 5
    }
  },
  "test": {
    "mse_norm": {
      "mean": 0.015463400650415932,
      "std": 0.002618764497462816,
      "min": 0.012387105729003266,
      "max": 0.018177422600435054,
      "n_seeds": 5
    },
    "mae_raw": {
      "mean": 0.09280637917407722,
      "std": 0.008202780241449353,
      "min": 0.08319252199904863,
      "max": 0.10162325518075807,
      "n_seeds": 5
    },
    "rmse_raw": {
      "mean": 0.11282511977799255,
      "std": 0.00972974984847142,
      "min": 0.10128061144260335,
      "max": 0.12268954175242593,
      "n_seeds": 5
    },
    "r2_raw": {
      "mean": 0.904835721685916,
      "std": 0.016116301912470377,
      "min": 0.8881331899439601,
      "max": 0.9237677401141938,
      "n_seeds": 5
    }
  }
}
