{
  "n_seeds": 5,
  "seeds": [
    0,
    1,
    2,
    3,
    4
  ],
  "val": {
    "mse_norm": {
      "mean": 0.07542281252948815,
      "std": 0.00882628797202956,
      "min": 0.06416710733429329,
      "max": 0.08697211559271112,
      "n_seeds": 5,
      "ci95_half_width": 0.010959284012648016,
      "ci95_low": 0.06446352851684013,
      "ci95_high": 0.08638209654213617
    },
    "mae_raw": {
      "mean": 0.20905837315007253,
      "std": 0.005855913848800671,
      "min": 0.2030057402190409,
      "max": 0.21762271768168395,
      "n_seeds": 5,
      "ci95_half_width": 0.007271077402638633,
      "ci95_low": 0.2017872957474339,
      "ci95_high": 0.21632945055271116
    },
    "rmse_raw": {
      "mean": 0.2495725457771611,
      "std": 0.014627689922539214,
      "min": 0.23051416785856838,
      "max": 0.2683684201286062,
      "n_seeds": 5,
      "ci95_half_width": 0.01816267595370495,
      "ci95_low": 0.23140986982345613,
      "ci95_high": 0.26773522173086606
    },
    "r2_raw": {
      "mean": -0.20901067004430846,
      "std": 0.14148340504930662,
      "min": -0.39414339271429344,
      "max": -0.028584254965404732,
      "n_seeds": 5,
      "ci95_half_width": 0.17567485039300468,
      "ci95_low": -0.38468552043731313,
      "ci95_high": -0.03333581965130378
    },
    "delta_mae_raw": {
      "mean": 0.20905837315007253,
      "std": 0.005855913848800671,
      "min": 0.2030057402190409,
      "max": 0.21762271768168395,
      "n_seeds": 5,
      "ci95_half_width": 0.007271077402638633,
      "ci95_low": 0.2017872957474339,
      "ci95_high": 0.21632945055271116
    },
    "delta_rmse_raw": {
      "mean": 0.2495725457771611,
      "std": 0.014627689922539214,
      "min": 0.23051416785856838,
      "max": 0.2683684201286062,
      "n_seeds": 5,
      "ci95_half_width": 0.01816267595370495,
      "ci95_low": 0.23140986982345613,
      "ci95_high": 0.26773522173086606
    },
    "delta_r2_raw": {
      "mean": -0.6131735175536196,
      "std": 0.18878020505020768,
      "min": -0.8601946670302187,
      "max": -0.37243195762862924,
      "n_seeds": 5,
      "ci95_half_width": 0.23440158418436727,
      "ci95_low": -0.8475751017379869,
      "ci95_high": -0.3787719333692523
    }
  },
  "test": {
    "mse_norm": {
      "mean": 0.08891592858273059,
      "std": 0.016279944121518276,
      "min": 0.0678509961576078,
      "max": 0.11066496651822387,
      "n_seeds": 5,
      "ci95_half_width": 0.02021422050845825,
      "ci95_low": 0.06870170807427234,
      "ci95_high": 0.10913014909118884
    },
    "mae_raw": {
      "mean": 0.24493757223747137,
      "std": 0.022359645992703858,
      "min": 0.2146652864066647,
      "max": 0.2735085771453212,
      "n_seeds": 5,
      "ci95_half_width": 0.027763167441721442,
      "ci95_low": 0.21717440479574993,
      "ci95_high": 0.27270073967919284
    },
    "rmse_raw": {
      "mean": 0.2704286196995288,
      "std": 0.02499105106750042,
      "min": 0.23703883630771347,
      "max": 0.3027237334166932,
      "n_seeds": 5,
      "ci95_half_width": 0.031030488387787013,
      "ci95_low": 0.23939813131174179,
      "ci95_high": 0.3014591080873158
    },
    "r2_raw": {
      "mean": 0.156391321249274,
      "std": 0.15445941317152367,
      "min": -0.04995727623277957,
      "max": 0.35624932300873147,
      "n_seeds": 5,
      "ci95_half_width": 0.19178669251876124,
      "ci95_low": -0.03539537126948725,
      "ci95_high": 0.34817801376803525
    },
    "delta_mae_raw": {
      "mean": 0.24493757223747137,
      "std": 0.022359645992703858,
      "min": 0.2146652864066647,
      "max": 0.2735085771453212,
      "n_seeds": 5,
      "ci95_half_width": 0.027763167441721442,
      "ci95_low": 0.21717440479574993,
      "ci95_high": 0.27270073967919284
    },
    "delta_rmse_raw": {
      "mean": 0.2704286196995288,
      "std": 0.02499105106750042,
      "min": 0.23703883630771347,
      "max": 0.3027237334166932,
      "n_seeds": 5,
      "ci95_half_width": 0.031030488387787013,
      "ci95_low": 0.23939813131174179,
      "ci95_high": 0.3014591080873158
    },
    "delta_r2_raw": {
      "mean": -2.3866853574292897,
      "std": 0.6200806678278495,
      "min": -3.215076282299134,
      "max": -1.584351070012798,
      "n_seeds": 5,
      "ci95_half_width": 0.7699318412239878,
      "ci95_low": -3.1566171986532776,
      "ci95_high": -1.6167535162053017
    }
  }
}
