{
  "system": "van_der_pol",
  "family": "plain_neuralode",
  "seed": 0,
  "n_train_points": 560,
  "n_test_points": 240,
  "trainable_params": 48,
  "sampled_dt": 0.1,
  "rollout_steps": 200,
  "dt_step": 0.1,
  "relative_l2": 1.388603057020825,
  "vpt_step": 29,
  "vpt_time": 2.9000000000000004,
  "vpt_lyapunov": null,
  "spectral_error": 1.4407991231795654,
  "invariant_drift_final": null,
  "persistence_floor_relative_l2": 1.34648773242043,
  "train_loss_history": [
    0.3005397915840149,
    0.2925713360309601,
    0.2781282365322113,
    0.2451065182685852,
    0.2161312997341156
  ]
}
