{
  "system": "van_der_pol",
  "family": "plain_neuralode",
  "seed": 1,
  "n_train_points": 560,
  "n_test_points": 240,
  "trainable_params": 48,
  "sampled_dt": 0.1,
  "rollout_steps": 200,
  "dt_step": 0.1,
  "relative_l2": 1.2354746454478027,
  "vpt_step": 1,
  "vpt_time": 0.1,
  "vpt_lyapunov": null,
  "spectral_error": 1.101671469113097,
  "invariant_drift_final": null,
  "persistence_floor_relative_l2": 1.34648773242043,
  "train_loss_history": [
    0.30055665969848633,
    0.29461830854415894,
    0.28489482402801514,
    0.2721252143383026,
    0.26342952251434326
  ]
}
