{
  "family": "chebyshev_dqc",
  "system": "fitzhugh_nagumo",
  "seed": 2,
  "dim": 2,
  "regime": "broadband_multiscale",
  "steps": 1200,
  "lr": 0.02,
  "n_colloc": 60,
  "pqc_params": 120,
  "classical_params": 0,
  "per_component_pqc_params": 60,
  "config_str": "per-component: n=4, L=5; dim=2",
  "final_loss": 0.25204595923423767,
  "mae": 0.47958709615994466,
  "mae_per_component": [
    0.5048704644710598,
    0.45430372784882955
  ],
  "relative_l2": 0.6164967553388808
}
