{
  "best_epoch": 1,
  "val": {
    "mse_norm": 0.0851566395959765,
    "mae_raw": 0.21711642655887103,
    "rmse_raw": 0.2655526562650582,
    "r2_raw": -0.3650417220439863,
    "delta_mae_raw": 0.21711642655887103,
    "delta_rmse_raw": 0.2655526562650582,
    "delta_r2_raw": -0.8213645345879752
  },
  "test": {
    "mse_norm": 0.10150109532942848,
    "mae_raw": 0.26231652041556125,
    "rmse_raw": 0.2899190525686432,
    "r2_raw": 0.036986889891837293,
    "delta_mae_raw": 0.26231652041556125,
    "delta_rmse_raw": 0.2899190525686432,
    "delta_r2_raw": -2.86603703964437
  }
}
