{
  "family": "te_qpinn_fnn",
  "ode": "expdecay",
  "n_seeds": 3,
  "seeds": [
    0,
    1,
    2
  ],
  "pqc_params": 60,
  "classical_params": 100,
  "config_str": "n=4, L=5, H_fnn=16",
  "steps": 1500,
  "metrics": {
    "mae": {
      "mean": 0.00027928247679180157,
      "std": 0.00012051132333819269,
      "min": 0.00015449120837729424,
      "max": 0.0003950010286644101,
      "n_seeds": 3,
      "ci95_half_width": 0.0002993908851046345,
      "ci95_low": -2.0108408312832944e-05,
      "ci95_high": 0.000578673361896436
    },
    "rmse": {
      "mean": 0.0003669996658572927,
      "std": 0.000160482447425371,
      "min": 0.00018980364257004112,
      "max": 0.0005025635473430157,
      "n_seeds": 3,
      "ci95_half_width": 0.00039869267590402976,
      "ci95_low": -3.169301004673705e-05,
      "ci95_high": 0.0007656923417613225
    },
    "final_loss": {
      "mean": 1.1858194739033934e-05,
      "std": 8.740832688766276e-06,
      "min": 3.3486758184153587e-06,
      "max": 2.081329694192391e-05,
      "n_seeds": 3,
      "ci95_half_width": 2.171518462126037e-05,
      "ci95_low": -9.856989882226435e-06,
      "ci95_high": 3.35733793602943e-05
    }
  }
}
