{
  "persistence": {
    "val": {
      "mse_norm": 0.09193206924691734,
      "mae_raw": 0.22342104787889275,
      "rmse_raw": 0.2759147450633478,
      "r2_raw": -0.4736503308640214,
      "delta_mae_raw": 0.22342104787889275,
      "delta_rmse_raw": 0.2759147450633478,
      "delta_r2_raw": -0.9662801551592974
    },
    "test": {
      "mse_norm": 0.10930842481074216,
      "mae_raw": 0.2718309773525721,
      "rmse_raw": 0.3008626041663795,
      "r2_raw": -0.03708679986527397,
      "delta_mae_raw": 0.2718309773525721,
      "delta_rmse_raw": 0.3008626041663795,
      "delta_r2_raw": -3.163407475475667
    }
  },
  "linear": {
    "val": {
      "mse_norm": 0.22609313686054758,
      "mae_raw": 0.32539492227529226,
      "rmse_raw": 0.43269819347233174,
      "r2_raw": -2.6242219790109074,
      "delta_mae_raw": 0.32539492227529226,
      "delta_rmse_raw": 0.43269819347233174,
      "delta_r2_raw": -3.835771150027899
    },
    "test": {
      "mse_norm": 0.2214505232909607,
      "mae_raw": 0.2988730184125229,
      "rmse_raw": 0.4282326217574328,
      "r2_raw": -1.1010586780109093,
      "delta_mae_raw": 0.2988730184125229,
      "delta_rmse_raw": 0.4282326217574328,
      "delta_r2_raw": -7.434745681441537
    }
  }
}
