{
  "best_epoch": 1,
  "val": {
    "mse_norm": 0.08653436828754667,
    "mae_raw": 0.21792422197367015,
    "rmse_raw": 0.2676921933469808,
    "r2_raw": -0.3871264021649141,
    "delta_mae_raw": 0.21792422197367015,
    "delta_rmse_raw": 0.2676921933469808,
    "delta_r2_raw": -0.8508319512100453
  },
  "test": {
    "mse_norm": 0.10552080153171682,
    "mae_raw": 0.2672635499524398,
    "rmse_raw": 0.295604086149726,
    "r2_raw": -0.0011509228975030705,
    "delta_mae_raw": 0.2672635499524398,
    "delta_rmse_raw": 0.295604086149726,
    "delta_r2_raw": -3.0191421171422794
  }
}
