{
  "system": "lotka_volterra",
  "family": "classical_ltc",
  "n_seeds": 3,
  "seeds": [
    0,
    1,
    2
  ],
  "trainable_params": 51,
  "n_train_points": 560,
  "n_test_points": 240,
  "rollout_steps": 200,
  "sampled_dt": 0.1,
  "metrics": {
    "relative_l2": {
      "mean": 0.36599114726514426,
      "std": 0.25396903171046725,
      "min": 0.20882345570940908,
      "max": 0.6589904929870067,
      "n_seeds": 3,
      "ci95_half_width": 0.6309449692090991,
      "ci95_low": -0.2649538219439549,
      "ci95_high": 0.9969361164742434
    },
    "vpt_time": {
      "mean": 2.9333333333333336,
      "std": 1.0503967504392486,
      "min": 1.9000000000000001,
      "max": 4.0,
      "n_seeds": 3,
      "ci95_half_width": 2.609540781014502,
      "ci95_low": 0.32379255231883164,
      "ci95_high": 5.5428741143478355
    },
    "spectral_error": {
      "mean": 0.13788528491247434,
      "std": 0.09342374669609406,
      "min": 0.08049160805301618,
      "max": 0.24568630047053225,
      "n_seeds": 3,
      "ci95_half_width": 0.23209618348179237,
      "ci95_low": -0.09421089856931802,
      "ci95_high": 0.3699814683942667
    },
    "persistence_floor_relative_l2": {
      "mean": 0.883761658403501,
      "std": 1.3597399555105182e-16,
      "min": 0.8837616584035011,
      "max": 0.8837616584035011,
      "n_seeds": 3,
      "ci95_half_width": 3.378053924858142e-16,
      "ci95_low": 0.8837616584035006,
      "ci95_high": 0.8837616584035013
    },
    "invariant_drift_final": {
      "mean": 0.6826490268022471,
      "std": 0.2843184798989823,
      "min": 0.3824250356872052,
      "max": 0.9478095529078999,
      "n_seeds": 3,
      "ci95_half_width": 0.7063432629453451,
      "ci95_low": -0.023694236143097958,
      "ci95_high": 1.3889922897475921
    }
  }
}
