{
  "horizons": [
    1.0,
    3.0,
    6.0,
    12.0
  ],
  "window_counts": {
    "1.0": {
      "n_train": 500,
      "n_val": 88,
      "n_test": 86
    },
    "3.0": {
      "n_train": 472,
      "n_val": 76,
      "n_test": 71
    },
    "6.0": {
      "n_train": 436,
      "n_val": 58,
      "n_test": 53
    },
    "12.0": {
      "n_train": 385,
      "n_val": 22,
      "n_test": 17
    }
  },
  "persistence": {
    "1.0": {
      "val": {
        "mse_norm": 0.0131667793121723,
        "mae_raw": 0.0823863692039793,
        "rmse_raw": 0.10441939450317586,
        "r2_raw": 0.8823840722849016
      },
      "test": {
        "mse_norm": 0.015405116351465088,
        "mae_raw": 0.09337209061134698,
        "rmse_raw": 0.11294678769512764,
        "r2_raw": 0.905194412724976
      }
    },
    "3.0": {
      "val": {
        "mse_norm": 0.09193206924691734,
        "mae_raw": 0.22342104787889275,
        "rmse_raw": 0.2759147450633478,
        "r2_raw": -0.4736503308640214,
        "delta_mae_raw": 0.22342104787889275,
        "delta_rmse_raw": 0.2759147450633478,
        "delta_r2_raw": -0.9662801551592974
      },
      "test": {
        "mse_norm": 0.10930842481074216,
        "mae_raw": 0.2718309773525721,
        "rmse_raw": 0.3008626041663795,
        "r2_raw": -0.03708679986527397,
        "delta_mae_raw": 0.2718309773525721,
        "delta_rmse_raw": 0.3008626041663795,
        "delta_r2_raw": -3.163407475475667
      }
    },
    "6.0": {
      "val": {
        "mse_norm": 0.33327434412114293,
        "mae_raw": 0.43948275206417875,
        "rmse_raw": 0.5253422545034031,
        "r2_raw": -31.22040888752879,
        "delta_mae_raw": 0.43948275206417875,
        "delta_rmse_raw": 0.5253422545034031,
        "delta_r2_raw": -1.8590542873587594
      },
      "test": {
        "mse_norm": 0.42572106150342015,
        "mae_raw": 0.5660377225785885,
        "rmse_raw": 0.5937504619206475,
        "r2_raw": -9.713649392670261,
        "delta_mae_raw": 0.5660377225785885,
        "delta_rmse_raw": 0.5937504619206475,
        "delta_r2_raw": -9.968564263357182
      }
    },
    "12.0": {
      "val": {
        "mse_norm": 0.7709762961507713,
        "mae_raw": 0.7890909212285823,
        "rmse_raw": 0.7990278285782377,
        "r2_raw": -782.4877016491049,
        "delta_mae_raw": 0.7890909212285823,
        "delta_rmse_raw": 0.7990278285782377,
        "delta_r2_raw": -39.456620039170694
      },
      "test": {
        "mse_norm": 1.262777198589447,
        "mae_raw": 1.003529371093301,
        "rmse_raw": 1.022597573902814,
        "r2_raw": -977.0225748180584,
        "delta_mae_raw": 1.003529371093301,
        "delta_rmse_raw": 1.022597573902814,
        "delta_r2_raw": -26.066562396135872
      }
    }
  },
  "linear": {
    "1.0": {
      "val": {
        "mse_norm": 0.02983142623226084,
        "mae_raw": 0.12102273177016866,
        "rmse_raw": 0.1571731658488026,
        "r2_raw": 0.7335224667942721
      },
      "test": {
        "mse_norm": 0.03210628992158141,
        "mae_raw": 0.12755810859591463,
        "rmse_raw": 0.16305587595686813,
        "r2_raw": 0.8024126788923456
      }
    },
    "3.0": {
      "val": {
        "mse_norm": 0.22609313686054758,
        "mae_raw": 0.32539492227529226,
        "rmse_raw": 0.43269819347233174,
        "r2_raw": -2.6242219790109074,
        "delta_mae_raw": 0.32539492227529226,
        "delta_rmse_raw": 0.43269819347233174,
        "delta_r2_raw": -3.835771150027899
      },
      "test": {
        "mse_norm": 0.2214505232909607,
        "mae_raw": 0.2988730184125229,
        "rmse_raw": 0.4282326217574328,
        "r2_raw": -1.1010586780109093,
        "delta_mae_raw": 0.2988730184125229,
        "delta_rmse_raw": 0.4282326217574328,
        "delta_r2_raw": -7.434745681441537
      }
    },
    "6.0": {
      "val": {
        "mse_norm": 0.6463760242790509,
        "mae_raw": 0.5953449744602729,
        "rmse_raw": 0.7316173765743142,
        "r2_raw": -61.490558198491186,
        "delta_mae_raw": 0.5953449744602729,
        "delta_rmse_raw": 0.7316173765743142,
        "delta_r2_raw": -4.545053725435243
      },
      "test": {
        "mse_norm": 0.6895171117797216,
        "mae_raw": 0.47471698967915665,
        "rmse_raw": 0.7556382204896649,
        "r2_raw": -16.35231176904133,
        "delta_mae_raw": 0.47471698967915665,
        "delta_rmse_raw": 0.7556382204896649,
        "delta_r2_raw": -16.765183438497917
      }
    },
    "12.0": {
      "val": {
        "mse_norm": 0.7324431483169515,
        "mae_raw": 0.614545417915691,
        "rmse_raw": 0.7788043214577506,
        "r2_raw": -743.3292377840615,
        "delta_mae_raw": 0.614545417915691,
        "delta_rmse_raw": 0.7788043214577507,
        "delta_r2_raw": -37.43461115432012
      },
      "test": {
        "mse_norm": 0.9735105424007516,
        "mae_raw": 0.5494112788929658,
        "rmse_raw": 0.8978664044066145,
        "r2_raw": -752.9851751796308,
        "delta_mae_raw": 0.5494112788929658,
        "delta_rmse_raw": 0.8978664044066145,
        "delta_r2_raw": -19.866376007279154
      }
    }
  },
  "models": [
    {
      "label": "Liquid-ODE (Euler)",
      "rows": [
        {
          "horizon_hours": 1.0,
          "n_seeds": 5,
          "val": {
            "mse_norm": {
              "mean": 0.012115036426650473,
              "std": 0.001913217102308058,
              "min": 0.009924066150675547,
              "max": 0.014114216157172425,
              "n_seeds": 5
            },
            "mae_raw": {
              "mean": 0.0785244369533929,
              "std": 0.006965665206800685,
              "min": 0.07029957569458269,
              "max": 0.08541904013265263,
              "n_seeds": 5
            },
            "rmse_raw": {
              "mean": 0.09990798699409073,
              "std": 0.007973064004654194,
              "min": 0.09065384260677767,
              "max": 0.10811097261496855,
              "n_seeds": 5
            },
            "r2_raw": {
              "mean": 0.8917790588845513,
              "std": 0.017090345260083944,
              "min": 0.8739208284775766,
              "max": 0.9113505118188894,
              "n_seeds": 5
            }
          },
          "test": {
            "mse_norm": {
              "mean": 0.015463400650415932,
              "std": 0.002618764497462816,
              "min": 0.012387105729003266,
              "max": 0.018177422600435054,
              "n_seeds": 5
            },
            "mae_raw": {
              "mean": 0.09280637917407722,
              "std": 0.008202780241449353,
              "min": 0.08319252199904863,
              "max": 0.10162325518075807,
              "n_seeds": 5
            },
            "rmse_raw": {
              "mean": 0.11282511977799255,
              "std": 0.00972974984847142,
              "min": 0.10128061144260335,
              "max": 0.12268954175242593,
              "n_seeds": 5
            },
            "r2_raw": {
              "mean": 0.904835721685916,
              "std": 0.016116301912470377,
              "min": 0.8881331899439601,
              "max": 0.9237677401141938,
              "n_seeds": 5
            }
          }
        },
        {
          "horizon_hours": 3.0,
          "n_seeds": 5,
          "val": {
            "mse_norm": {
              "mean": 0.07338300015216707,
              "std": 0.014722026133550179,
              "min": 0.047498380172768674,
              "max": 0.08447212605379006,
              "n_seeds": 5
            },
            "mae_raw": {
              "mean": 0.19921808751947,
              "std": 0.020817357738145192,
              "min": 0.16245280345803811,
              "max": 0.21387638375947352,
              "n_seeds": 5
            },
            "rmse_raw": {
              "mean": 0.24535784234983762,
              "std": 0.026645628709081152,
              "min": 0.19832652021620742,
              "max": 0.26448320851264556,