{
  "family": "te_qpinn_fnn",
  "system": "lotka_volterra",
  "regime": "smooth_periodic",
  "dim": 2,
  "n_seeds": 3,
  "seeds": [
    0,
    1,
    2
  ],
  "pqc_params": 120,
  "classical_params": 200,
  "config_str": "per-component: n=4, L=5, H_fnn=16; dim=2",
  "steps": 1500,
  "metrics": {
    "mae": {
      "mean": 0.3494638650834508,
      "std": 0.08053070080683197,
      "min": 0.2564922738130489,
      "max": 0.39750084894916626,
      "n_seeds": 3,
      "ci95_half_width": 0.20006549695743725,
      "ci95_low": 0.14939836812601354,
      "ci95_high": 0.5495293620408881
    },
    "relative_l2": {
      "mean": 0.12319847493066978,
      "std": 0.030549640262346228,
      "min": 0.0879229627934785,
      "max": 0.14093216197923467,
      "n_seeds": 3,
      "ci95_half_width": 0.07589563855426817,
      "ci95_low": 0.047302836376401605,
      "ci95_high": 0.19909411348493794
    },
    "final_loss": {
      "mean": 0.1953731601436933,
      "std": 0.09314861131002575,
      "min": 0.08781441301107407,
      "max": 0.24917946755886078,
      "n_seeds": 3,
      "ci95_half_width": 0.23141265412972115,
      "ci95_low": -0.03603949398602785,
      "ci95_high": 0.42678581427341444
    }
  }
}
