{
  "best_epoch": 1,
  "delta_scale_learned": 0.09956430643796921,
  "val": {
    "mse_norm": 0.0008402011153558057,
    "mae_raw": 0.08757364986972373,
    "rmse_raw": 0.11014764684612119,
    "r2_raw": 0.8691257360105377
  },
  "test": {
    "mse_norm": 0.000699450696294657,
    "mae_raw": 0.0818564772605896,
    "rmse_raw": 0.10049909479440523,
    "r2_raw": 0.9249396686858561
  }
}
