{
  "best_epoch": 1,
  "delta_scale_learned": 0.10145086795091629,
  "val": {
    "mse_norm": 0.013722593969117337,
    "mae_raw": 0.08428530105135656,
    "rmse_raw": 0.10660056315904742,
    "r2_raw": 0.8774191028748193
  },
  "test": {
    "mse_norm": 0.016851611108830072,
    "mae_raw": 0.09669308094091193,
    "rmse_raw": 0.11813051747631591,
    "r2_raw": 0.8962924491283695
  }
}
