{
  "system": "van_der_pol",
  "family": "plain_mlp",
  "n_seeds": 3,
  "seeds": [
    0,
    1,
    2
  ],
  "trainable_params": 159,
  "n_train_points": 560,
  "n_test_points": 240,
  "rollout_steps": 200,
  "sampled_dt": 0.1,
  "metrics": {
    "relative_l2": {
      "mean": 6.348914207480785,
      "std": 6.39182390428561,
      "min": 2.576667977489264,
      "max": 13.728945913692185,
      "n_seeds": 3,
      "ci95_half_width": 15.87945234628878,
      "ci95_low": -9.530538138807994,
      "ci95_high": 22.228366553769565
    },
    "vpt_time": {
      "mean": 0.16666666666666666,
      "std": 0.05773502691896258,
      "min": 0.1,
      "max": 0.2,
      "n_seeds": 3,
      "ci95_half_width": 0.14343333333333336,
      "ci95_low": 0.0232333333333333,
      "ci95_high": 0.31010000000000004
    },
    "spectral_error": {
      "mean": 193.13116631964127,
      "std": 315.338213331138,
      "min": 10.949876148372898,
      "max": 557.2523443508113,
      "n_seeds": 3,
      "ci95_half_width": 783.4067719228425,
      "ci95_low": -590.2756056032013,
      "ci95_high": 976.5379382424837
    },
    "persistence_floor_relative_l2": {
      "mean": 1.34648773242043,
      "std": 0.0,
      "min": 1.34648773242043,
      "max": 1.34648773242043,
      "n_seeds": 3,
      "ci95_half_width": 0.0,
      "ci95_low": 1.34648773242043,
      "ci95_high": 1.34648773242043
    }
  }
}
