{
  "system": "lorenz",
  "family": "non_liquid_brickwall",
  "seed": 0,
  "n_train_points": 560,
  "n_test_points": 240,
  "trainable_params": 46,
  "sampled_dt": 0.05,
  "rollout_steps": 200,
  "dt_step": 0.05,
  "relative_l2": 1.3127541727299148,
  "vpt_step": 2,
  "vpt_time": 0.1,
  "vpt_lyapunov": 0.09060000000000001,
  "spectral_error": 0.961726436819448,
  "invariant_drift_final": null,
  "persistence_floor_relative_l2": 0.45480979577386477,
  "train_loss_history": [
    10.16695785522461,
    9.953804016113281,
    9.711853981018066,
    9.417186737060547,
    9.06020450592041
  ]
}
