{
  "best_epoch": 1,
  "val": {
    "mse_norm": 0.08815251649671839,
    "mae_raw": 0.21994008141128643,
    "rmse_raw": 0.27018345417684714,
    "r2_raw": -0.4130649529162116,
    "delta_mae_raw": 0.21994008141128643,
    "delta_rmse_raw": 0.27018345417684714,
    "delta_r2_raw": -0.8854415573884422
  },
  "test": {
    "mse_norm": 0.10715007667951482,
    "mae_raw": 0.26952378756563417,
    "rmse_raw": 0.29787745550529027,
    "r2_raw": -0.016609015464982946,
    "delta_mae_raw": 0.26952378756563417,
    "delta_rmse_raw": 0.29787745550529027,
    "delta_r2_raw": -3.081198965383334
  }
}
