{
  "best_epoch": 1,
  "delta_scale_learned": 0.09884598106145859,
  "val": {
    "mse_norm": 0.014114216157172425,
    "mae_raw": 0.08541904013265263,
    "rmse_raw": 0.10811097261496855,
    "r2_raw": 0.8739208284775766
  },
  "test": {
    "mse_norm": 0.016943139986788903,
    "mae_raw": 0.09745289317397182,
    "rmse_raw": 0.11845089371997106,
    "r2_raw": 0.895729165552346
  }
}
