{
  "best_epoch": 5,
  "val": {
    "mse_norm": 0.011703709947479914,
    "mae_raw": 0.07737876970659603,
    "rmse_raw": 0.09844715439009966,
    "r2_raw": 0.8954533473566536,
    "delta_mae_raw": 0.07737876970659603,
    "delta_rmse_raw": 0.09844715439009966,
    "delta_r2_raw": -0.435413652741355
  },
  "test": {
    "mse_norm": 0.013754552929273502,
    "mae_raw": 0.08754504539245783,
    "rmse_raw": 0.10672462359142515,
    "r2_raw": 0.9153522480184865,
    "delta_mae_raw": 0.08754504539245783,
    "delta_rmse_raw": 0.10672462359142515,
    "delta_r2_raw": -0.746064581081171
  }
}
