{
  "best_epoch": 1,
  "val": {
    "mse_norm": 0.08586438590800252,
    "mae_raw": 0.21785900523788038,
    "rmse_raw": 0.26665389172186643,
    "r2_raw": -0.376386735763667,
    "delta_mae_raw": 0.21785900523788038,
    "delta_rmse_raw": 0.26665389172186643,
    "delta_r2_raw": -0.8365020980043514
  },
  "test": {
    "mse_norm": 0.10313968344400842,
    "mae_raw": 0.26447562368822763,
    "rmse_raw": 0.29224984492721856,
    "r2_raw": 0.021440438582258747,
    "delta_mae_raw": 0.26447562368822763,
    "delta_rmse_raw": 0.29224984492721856,
    "delta_r2_raw": -2.928448605974041
  }
}
