{
  "family": "te_qpinn_qnn",
  "system": "fitzhugh_nagumo",
  "regime": "broadband_multiscale",
  "dim": 2,
  "n_seeds": 3,
  "seeds": [
    0,
    1,
    2
  ],
  "pqc_params": 168,
  "classical_params": 0,
  "config_str": "per-component: n=4, L_var=5, K_embed=3; dim=2",
  "steps": 2000,
  "metrics": {
    "mae": {
      "mean": 0.2585509952481251,
      "std": 0.014155250351521922,
      "min": 0.24938358936042415,
      "max": 0.27485391806711534,
      "n_seeds": 3,
      "ci95_half_width": 0.035166429296662916,
      "ci95_low": 0.22338456595146217,
      "ci95_high": 0.293717424544788
    },
    "relative_l2": {
      "mean": 0.33734537309248874,
      "std": 0.016230357170259,
      "min": 0.3269712713400388,
      "max": 0.35604937641727025,
      "n_seeds": 3,
      "ci95_half_width": 0.040321696452802945,
      "ci95_low": 0.2970236766396858,
      "ci95_high": 0.37766706954529167
    },
    "final_loss": {
      "mean": 0.14426795144875845,
      "std": 0.0012041952899953159,
      "min": 0.143478125333786,
      "max": 0.14565393328666687,
      "n_seeds": 3,
      "ci95_half_width": 0.0029916283692179102,
      "ci95_low": 0.14127632307954055,
      "ci95_high": 0.14725957981797635
    }
  }
}
