{
  "best_epoch": 1,
  "val": {
    "mse_norm": 0.08598464219179609,
    "mae_raw": 0.21808275759220122,
    "rmse_raw": 0.26684055576135035,
    "r2_raw": -0.37831441686399025,
    "delta_mae_raw": 0.21808275759220122,
    "delta_rmse_raw": 0.26684055576135035,
    "delta_r2_raw": -0.8390741878778147
  },
  "test": {
    "mse_norm": 0.10162268799786675,
    "mae_raw": 0.2622858922582277,
    "rmse_raw": 0.2900926540452781,
    "r2_raw": 0.03583325373235502,
    "delta_mae_raw": 0.2622858922582277,
    "delta_rmse_raw": 0.2900926540452781,
    "delta_r2_raw": -2.870668337054569
  }
}
