{
  "system": "lorenz",
  "family": "non_liquid_hardware_efficient",
  "n_seeds": 3,
  "seeds": [
    0,
    1,
    2
  ],
  "trainable_params": 46,
  "n_train_points": 560,
  "n_test_points": 240,
  "rollout_steps": 200,
  "sampled_dt": 0.05,
  "metrics": {
    "relative_l2": {
      "mean": 0.9447686327641799,
      "std": 0.3916072068122085,
      "min": 0.5100215801512444,
      "max": 1.2698568498539107,
      "n_seeds": 3,
      "ci95_half_width": 0.9728847465382009,
      "ci95_low": -0.028116113774021012,
      "ci95_high": 1.9176533793023807
    },
    "vpt_time": {
      "mean": 0.10000000000000002,
      "std": 1.6996749443881478e-17,
      "min": 0.1,
      "max": 0.1,
      "n_seeds": 3,
      "ci95_half_width": 4.2225674060726777e-17,
      "ci95_low": 0.09999999999999998,
      "ci95_high": 0.10000000000000006
    },
    "spectral_error": {
      "mean": 1.804833772885931,
      "std": 1.235704206873566,
      "min": 0.4609943160987734,
      "max": 2.8921286602280523,
      "n_seeds": 3,
      "ci95_half_width": 3.069907175321419,
      "ci95_low": -1.265073402435488,
      "ci95_high": 4.87474094820735
    },
    "persistence_floor_relative_l2": {
      "mean": 0.45480979577386477,
      "std": 0.0,
      "min": 0.45480979577386477,
      "max": 0.45480979577386477,
      "n_seeds": 3,
      "ci95_half_width": 0.0,
      "ci95_low": 0.45480979577386477,
      "ci95_high": 0.45480979577386477
    },
    "vpt_lyapunov": {
      "mean": 0.09060000000000001,
      "std": 0.0,
      "min": 0.09060000000000001,
      "max": 0.09060000000000001,
      "n_seeds": 3,
      "ci95_half_width": 0.0,
      "ci95_low": 0.09060000000000001,
      "ci95_high": 0.09060000000000001
    }
  }
}
