{
  "system": "lorenz",
  "family": "hardware_efficient",
  "seed": 1,
  "n_train_points": 560,
  "n_test_points": 240,
  "trainable_params": 49,
  "sampled_dt": 0.05,
  "rollout_steps": 200,
  "dt_step": 0.05,
  "relative_l2": 0.48510229880110695,
  "vpt_step": 2,
  "vpt_time": 0.1,
  "vpt_lyapunov": 0.09060000000000001,
  "spectral_error": 0.25526664798400506,
  "invariant_drift_final": null,
  "persistence_floor_relative_l2": 0.45480979577386477,
  "train_loss_history": [
    10.269915580749512,
    10.147675514221191,
    9.900148391723633,
    9.526329040527344,
    9.084249496459961
  ]
}
