{
  "best_epoch": 1,
  "delta_scale_learned": 0.09852393716573715,
  "val": {
    "mse_norm": 0.06416710733429329,
    "mae_raw": 0.2030057402190409,
    "rmse_raw": 0.23051416785856838,
    "r2_raw": -0.028584254965404732,
    "delta_mae_raw": 0.2030057402190409,
    "delta_rmse_raw": 0.23051416785856838,
    "delta_r2_raw": -0.37243195762862924
  },
  "test": {
    "mse_norm": 0.0678509961576078,
    "mae_raw": 0.2146652864066647,
    "rmse_raw": 0.23703883630771347,
    "r2_raw": 0.35624932300873147,
    "delta_mae_raw": 0.2146652864066647,
    "delta_rmse_raw": 0.23703883630771347,
    "delta_r2_raw": -1.584351070012798
  }
}
