{
  "system": "lotka_volterra",
  "family": "data_reuploading",
  "n_seeds": 3,
  "seeds": [
    0,
    1,
    2
  ],
  "trainable_params": 42,
  "n_train_points": 560,
  "n_test_points": 240,
  "rollout_steps": 200,
  "sampled_dt": 0.1,
  "metrics": {
    "relative_l2": {
      "mean": 0.71717958819467,
      "std": 0.12418203766841127,
      "min": 0.5769297791378057,
      "max": 0.8131631812844649,
      "n_seeds": 3,
      "ci95_half_width": 0.30851018096703514,
      "ci95_low": 0.40866940722763484,
      "ci95_high": 1.025689769161705
    },
    "vpt_time": {
      "mean": 5.500000000000001,
      "std": 2.6229754097208007,
      "min": 3.1,
      "max": 8.3,
      "n_seeds": 3,
      "ci95_half_width": 6.516358029860955,
      "ci95_low": -1.016358029860954,
      "ci95_high": 12.016358029860957
    },
    "spectral_error": {
      "mean": 0.6228879918099484,
      "std": 0.2774121275910665,
      "min": 0.30304030366783563,
      "max": 0.7979967240008258,
      "n_seeds": 3,
      "ci95_half_width": 0.6891855480266504,
      "ci95_low": -0.06629755621670208,
      "ci95_high": 1.3120735398365988
    },
    "persistence_floor_relative_l2": {
      "mean": 0.883761658403501,
      "std": 1.3597399555105182e-16,
      "min": 0.8837616584035011,
      "max": 0.8837616584035011,
      "n_seeds": 3,
      "ci95_half_width": 3.378053924858142e-16,
      "ci95_low": 0.8837616584035006,
      "ci95_high": 0.8837616584035013
    },
    "invariant_drift_final": {
      "mean": 0.3704133850962273,
      "std": 0.035419316540985665,
      "min": 0.32956362549258067,
      "max": 0.39257055802386753,
      "n_seeds": 3,
      "ci95_half_width": 0.0879935613954561,
      "ci95_low": 0.2824198237007712,
      "ci95_high": 0.4584069464916834
    }
  }
}
