{
  "system": "lotka_volterra",
  "family": "hardware_efficient",
  "seed": 0,
  "n_train_points": 560,
  "n_test_points": 240,
  "trainable_params": 39,
  "sampled_dt": 0.1,
  "rollout_steps": 200,
  "dt_step": 0.1,
  "relative_l2": 0.6803975670945707,
  "vpt_step": 83,
  "vpt_time": 8.3,
  "vpt_lyapunov": null,
  "spectral_error": 0.32972176392429814,
  "invariant_drift_final": 0.25375656348252507,
  "persistence_floor_relative_l2": 0.8837616584035011,
  "train_loss_history": [
    0.05837799236178398,
    0.043687861412763596,
    0.032435741275548935,
    0.02368892729282379,
    0.016458988189697266
  ]
}
