{
  "best_epoch": 10,
  "delta_scale_learned": 0.11843618005514145,
  "val": {
    "mse_norm": 0.0899002784644241,
    "mae_raw": 0.22084643988232858,
    "rmse_raw": 0.2728487137524924,
    "r2_raw": -0.44108118297694654,
    "delta_mae_raw": 0.22084643988232858,
    "delta_rmse_raw": 0.2728487137524924,
    "delta_r2_raw": -0.9228233948820774
  },
  "test": {
    "mse_norm": 0.09593447875901633,
    "mae_raw": 0.25244515361920206,
    "rmse_raw": 0.2818569528330664,
    "r2_raw": 0.08980134198078915,
    "delta_mae_raw": 0.25244515361920206,
    "delta_rmse_raw": 0.2818569528330664,
    "delta_r2_raw": -2.654012275016319
  }
}
