{
  "best_epoch": 1,
  "delta_scale_learned": 0.09891686588525772,
  "val": {
    "mse_norm": 0.013555843054094458,
    "mae_raw": 0.08353619914163239,
    "rmse_raw": 0.10595090199283633,
    "r2_raw": 0.8789086519211549
  },
  "test": {
    "mse_norm": 0.016621239218296276,
    "mae_raw": 0.09645963605060132,
    "rmse_raw": 0.11732028041507203,
    "r2_raw": 0.8977101951469926
  }
}
