{
  "best_epoch": 1,
  "val": {
    "mse_norm": 0.08716717595237393,
    "mae_raw": 0.2188720499528081,
    "rmse_raw": 0.26866919884155094,
    "r2_raw": -0.3972701662755791,
    "delta_mae_raw": 0.2188720499528081,
    "delta_rmse_raw": 0.26866919884155094,
    "delta_r2_raw": -0.8643666966321313
  },
  "test": {
    "mse_norm": 0.10506266534967759,
    "mae_raw": 0.26624874739579746,
    "rmse_raw": 0.294961680860528,
    "r2_raw": 0.003195741028504173,
    "delta_mae_raw": 0.26624874739579746,
    "delta_rmse_raw": 0.294961680860528,
    "delta_r2_raw": -3.001692340435768
  }
}
