{
  "best_epoch": 1,
  "val": {
    "mse_norm": 0.08614342198950248,
    "mae_raw": 0.21803385717304122,
    "rmse_raw": 0.2670868168770353,
    "r2_raw": -0.38085962120172834,
    "delta_mae_raw": 0.21803385717304122,
    "delta_rmse_raw": 0.2670868168770353,
    "delta_r2_raw": -0.8424702341957941
  },
  "test": {
    "mse_norm": 0.1039631299729111,
    "mae_raw": 0.2652325727906025,
    "rmse_raw": 0.2934141576859707,
    "r2_raw": 0.013627815474767213,
    "delta_mae_raw": 0.2652325727906025,
    "delta_rmse_raw": 0.2934141576859707,
    "delta_r2_raw": -2.959812551068154
  }
}
