{
  "best_epoch": 5,
  "val": {
    "mse_norm": 0.08568669727111325,
    "mae_raw": 0.21624350147811983,
    "rmse_raw": 0.26637784068914,
    "r2_raw": -0.37353842699951456,
    "delta_mae_raw": 0.21624350147811983,
    "delta_rmse_raw": 0.26637784068914,
    "delta_r2_raw": -0.8327016218117154
  },
  "test": {
    "mse_norm": 0.10953057784844128,
    "mae_raw": 0.2719735023337351,
    "rmse_raw": 0.3011681781269299,
    "r2_raw": -0.0391945237973188,
    "delta_mae_raw": 0.2719735023337351,
    "delta_rmse_raw": 0.3011681781269299,
    "delta_r2_raw": -3.171868978964145
  }
}
