{
  "pde": "allen_cahn",
  "seed": 2,
  "regime": "broadband_multiscale",
  "steps": 600,
  "lr": 0.02,
  "n_t_qubits": 4,
  "n_x_qubits": 4,
  "num_layers": 5,
  "n_t_colloc": 28,
  "n_x_colloc": 28,
  "pqc_params": 120,
  "final_loss": 10.320950508117676,
  "mae": 0.6107243294901126,
  "rmse": 0.8129598181112009,
  "relative_l2": 0.8356215985090458
}
