{
  "family": "qcpinn",
  "system": "lorenz",
  "seed": 1,
  "dim": 3,
  "regime": "broadband_multiscale",
  "steps": 1500,
  "lr": 0.02,
  "n_colloc": 60,
  "pqc_params": 45,
  "classical_params": 2118,
  "per_component_pqc_params": 15,
  "config_str": "per-component: n=5, L=1, Cascade; dim=3",
  "final_loss": 6.46580171585083,
  "mae": 13.971515674107645,
  "mae_per_component": [
    7.996639673235832,
    9.0613679220438,
    24.856539427043316
  ],
  "relative_l2": 0.9956745793302701
}
