{
  "best_epoch": 1,
  "delta_scale_learned": 0.10054795444011688,
  "val": {
    "mse_norm": 0.012394048084496845,
    "mae_raw": 0.0803029675781727,
    "rmse_raw": 0.10130898883500829,
    "r2_raw": 0.8892867094494399
  },
  "test": {
    "mse_norm": 0.018177422600435054,
    "mae_raw": 0.10162325518075807,
    "rmse_raw": 0.12268954175242593,
    "r2_raw": 0.8881331899439601
  }
}
