{
  "best_epoch": 1,
  "delta_scale_learned": 0.10051217675209045,
  "val": {
    "mse_norm": 0.012361207526853525,
    "mae_raw": 0.08017866377126084,
    "rmse_raw": 0.10117468039478748,
    "r2_raw": 0.8895800668880605
  },
  "test": {
    "mse_norm": 0.018172163331748807,
    "mae_raw": 0.10156755172929097,
    "rmse_raw": 0.12267179160272007,
    "r2_raw": 0.8881655563373752
  }
}
