{
  "best_epoch": 1,
  "val": {
    "mse_norm": 0.0005734509615018636,
    "mae_raw": 0.07118773142045194,
    "rmse_raw": 0.09099797736261454,
    "r2_raw": 0.9106761807988983
  },
  "test": {
    "mse_norm": 0.0008676875290731387,
    "mae_raw": 0.09246615129847861,
    "rmse_raw": 0.11193483782905178,
    "r2_raw": 0.9068856264574453
  }
}
