{
  "best_epoch": 1,
  "delta_scale_learned": 0.09980756044387817,
  "val": {
    "mse_norm": 0.101608155071418,
    "mae_raw": 0.23371304097928502,
    "rmse_raw": 0.29007191041988406,
    "r2_raw": -0.6287558037806147,
    "delta_mae_raw": 0.23371304097928502,
    "delta_rmse_raw": 0.29007191041988406,
    "delta_r2_raw": -1.1732361792343444
  },
  "test": {
    "mse_norm": 0.1229765730942095,
    "mae_raw": 0.28907436102208955,
    "rmse_raw": 0.31911894362340015,
    "r2_raw": -0.16676624761075187,
    "delta_mae_raw": 0.28907436102208955,
    "delta_rmse_raw": 0.31911894362340015,
    "delta_r2_raw": -3.684008434073557
  }
}
