{
  "system": "lotka_volterra",
  "family": "non_liquid_hardware_efficient",
  "n_seeds": 3,
  "seeds": [
    0,
    1,
    2
  ],
  "trainable_params": 36,
  "n_train_points": 560,
  "n_test_points": 240,
  "rollout_steps": 200,
  "sampled_dt": 0.1,
  "metrics": {
    "relative_l2": {
      "mean": 0.681375143134622,
      "std": 0.037090268058357884,
      "min": 0.6454800478464967,
      "max": 0.7195549567252648,
      "n_seeds": 3,
      "ci95_half_width": 0.09214477009431912,
      "ci95_low": 0.5892303730403029,
      "ci95_high": 0.7735199132289411
    },
    "vpt_time": {
      "mean": 5.166666666666667,
      "std": 1.6921386861996075,
      "min": 3.3000000000000003,
      "max": 6.6000000000000005,
      "n_seeds": 3,
      "ci95_half_width": 4.2038447919071,
      "ci95_low": 0.9628218747595669,
      "ci95_high": 9.370511458573766
    },
    "spectral_error": {
      "mean": 0.4525884630236532,
      "std": 0.25163228827195244,
      "min": 0.29797703773420936,
      "max": 0.7429441437004168,
      "n_seeds": 3,
      "ci95_half_width": 0.6251397082017489,
      "ci95_low": -0.17255124517809572,
      "ci95_high": 1.077728171225402
    },
    "persistence_floor_relative_l2": {
      "mean": 0.883761658403501,
      "std": 1.3597399555105182e-16,
      "min": 0.8837616584035011,
      "max": 0.8837616584035011,
      "n_seeds": 3,
      "ci95_half_width": 3.378053924858142e-16,
      "ci95_low": 0.8837616584035006,
      "ci95_high": 0.8837616584035013
    },
    "invariant_drift_final": {
      "mean": 0.3204073702078208,
      "std": 0.0671400736103341,
      "min": 0.24294036846342756,
      "max": 0.3617747304065035,
      "n_seeds": 3,
      "ci95_half_width": 0.16679865017976903,
      "ci95_low": 0.15360872002805176,
      "ci95_high": 0.4872060203875898
    }
  }
}
