{
  "best_epoch": 1,
  "delta_scale_learned": 0.0997917577624321,
  "val": {
    "mse_norm": 0.07661086417496957,
    "mae_raw": 0.21118547187039718,
    "rmse_raw": 0.2518758754293318,
    "r2_raw": -0.22805486990610935,
    "delta_mae_raw": 0.21118547187039718,
    "delta_rmse_raw": 0.2518758754293318,
    "delta_r2_raw": -0.6385840450545306
  },
  "test": {
    "mse_norm": 0.07933488013995035,
    "mae_raw": 0.23249982132038588,
    "rmse_raw": 0.2563146781670782,
    "r2_raw": 0.24729354480689125,
    "delta_mae_raw": 0.23249982132038588,
    "delta_rmse_raw": 0.2563146781670782,
    "delta_r2_raw": -2.021756407271685
  }
}
