{
  "family": "te_qpinn_fnn",
  "system": "fitzhugh_nagumo",
  "seed": 0,
  "dim": 2,
  "regime": "broadband_multiscale",
  "steps": 1500,
  "lr": 0.02,
  "n_colloc": 60,
  "pqc_params": 120,
  "classical_params": 200,
  "per_component_pqc_params": 60,
  "config_str": "per-component: n=4, L=5, H_fnn=16; dim=2",
  "final_loss": 0.03167129307985306,
  "mae": 0.3176155132544886,
  "mae_per_component": [
    0.41826761072729723,
    0.21696341578168002
  ],
  "relative_l2": 0.45212342416224593
}
