{
  "best_epoch": 1,
  "delta_scale_learned": 0.10115732997655869,
  "val": {
    "mse_norm": 0.08761095750964885,
    "mae_raw": 0.21908008263299336,
    "rmse_raw": 0.26935224876310243,
    "r2_raw": -0.40438388452500806,
    "delta_mae_raw": 0.21908008263299336,
    "delta_rmse_raw": 0.26935224876310243,
    "delta_r2_raw": -0.873858475468869
  },
  "test": {
    "mse_norm": 0.1059466590515655,
    "mae_raw": 0.26762174018671814,
    "rmse_raw": 0.2961999803521286,
    "r2_raw": -0.005191336188821838,
    "delta_mae_raw": 0.26762174018671814,
    "delta_rmse_raw": 0.2961999803521286,
    "delta_r2_raw": -3.0353624440264637
  }
}
