{
  "pde": "heat",
  "regime": "smooth_periodic",
  "description": "Heat: u_t = 0.1\u00b7u_xx, u(0,x)=sin(x); exact u(t,x)=e^{-0.1t}\u00b7sin(x)",
  "n_seeds": 3,
  "seeds": [
    0,
    1,
    2
  ],
  "pqc_params": 120,
  "config_str": "n_t=4, n_x=4, L=5, steps=600",
  "metrics": {
    "mae": {
      "mean": 0.031019500837475057,
      "std": 0.001109518292930892,
      "min": 0.029880213579535485,
      "max": 0.03209663757011294,
      "n_seeds": 3,
      "ci95_half_width": 0.0027564186879614812,
      "ci95_low": 0.028263082149513577,
      "ci95_high": 0.033775919525436536
    },
    "relative_l2": {
      "mean": 0.05880796650343043,
      "std": 0.0027712479964968812,
      "min": 0.055609475858776916,
      "max": 0.06049122762865128,
      "n_seeds": 3,
      "ci95_half_width": 0.006884717282435654,
      "ci95_low": 0.051923249220994776,
      "ci95_high": 0.06569268378586608
    },
    "final_loss": {
      "mean": 0.02520563453435898,
      "std": 0.0017455562131699902,
      "min": 0.02382262796163559,
      "max": 0.027166955173015594,
      "n_seeds": 3,
      "ci95_half_width": 0.004336551995153744,
      "ci95_low": 0.020869082539205233,
      "ci95_high": 0.029542186529512723
    }
  }
}
