{
  "pde": "burgers_smooth",
  "model": "classical_pinn",
  "regime": "smooth_periodic",
  "n_seeds": 3,
  "seeds": [
    0,
    1,
    2
  ],
  "pqc_params": 0,
  "classical_params": 177,
  "config_str": "MLP H=11, L=2, target\u2248120; colloc=28\u00d728; steps=1500",
  "steps": 1500,
  "metrics": {
    "mae": {
      "mean": 0.011255270149466548,
      "std": 0.004902015538817169,
      "min": 0.008347618698664582,
      "max": 0.016914916677432935,
      "n_seeds": 3,
      "ci95_half_width": 0.012178264500876354,
      "ci95_low": -0.0009229943514098057,
      "ci95_high": 0.023433534650342903
    },
    "relative_l2": {
      "mean": 0.02686357824290109,
      "std": 0.013841439425796102,
      "min": 0.01868758923594131,
      "max": 0.042844862795670846,
      "n_seeds": 3,
      "ci95_half_width": 0.034386816823693066,
      "ci95_low": -0.007523238580791975,
      "ci95_high": 0.06125039506659416
    },
    "final_loss": {
      "mean": 0.0009598254303758343,
      "std": 0.00039194589699084097,
      "min": 0.0006719257216900587,
      "max": 0.0014061937108635902,
      "n_seeds": 3,
      "ci95_half_width": 0.0009737261674897613,
      "ci95_low": -1.390073711392693e-05,
      "ci95_high": 0.0019335515978655955
    },
    "bc_violation": {
      "mean": 1.6457645072420533,
      "std": 0.30992568089807393,
      "min": 1.336216836103168,
      "max": 1.9560668197843776,
      "n_seeds": 3,
      "ci95_half_width": 0.7699602107955943,
      "ci95_low": 0.875804296446459,
      "ci95_high": 2.4157247180376475
    }
  },
  "audit_reason": "capacity-matched classical baseline"
}
