{
  "best_epoch": 1,
  "delta_scale_learned": 0.10095657408237457,
  "val": {
    "mse_norm": 0.011305886225115554,
    "mae_raw": 0.07577742069959639,
    "rmse_raw": 0.09675951830708018,
    "r2_raw": 0.8990070186883894
  },
  "test": {
    "mse_norm": 0.016808585786328437,
    "mae_raw": 0.09713606970254762,
    "rmse_raw": 0.11797961641596644,
    "r2_raw": 0.8965572339488409
  }
}
