{
  "pde": "allen_cahn",
  "model": "classical_pinn",
  "regime": "broadband_multiscale",
  "n_seeds": 3,
  "seeds": [
    0,
    1,
    2
  ],
  "pqc_params": 0,
  "classical_params": 177,
  "config_str": "MLP H=11, L=2, target\u2248120; colloc=64\u00d732; steps=1800",
  "steps": 1800,
  "metrics": {
    "mae": {
      "mean": 0.07897021162137262,
      "std": 0.08056369501808822,
      "min": 0.025352315189397963,
      "max": 0.1716149391797894,
      "n_seeds": 3,
      "ci95_half_width": 0.20014746573711462,
      "ci95_low": -0.121177254115742,
      "ci95_high": 0.27911767735848725
    },
    "relative_l2": {
      "mean": 0.10550423470580948,
      "std": 0.08362885065869063,
      "min": 0.051389069696653834,
      "max": 0.2018254176764147,
      "n_seeds": 3,
      "ci95_half_width": 0.20776234900951987,
      "ci95_low": -0.10225811430371039,
      "ci95_high": 0.31326658371532934
    },
    "final_loss": {
      "mean": 0.07811432331800461,
      "std": 0.09802310227117617,
      "min": 0.017205677926540375,
      "max": 0.19118905067443848,
      "n_seeds": 3,
      "ci95_half_width": 0.24352253827063206,
      "ci95_low": -0.16540821495262745,
      "ci95_high": 0.3216368615886367
    },
    "bc_violation": {
      "mean": 0.19378819647763,
      "std": 0.07233393585160454,
      "min": 0.11222622745736995,
      "max": 0.25015546287080215,
      "n_seeds": 3,
      "ci95_half_width": 0.17970196059452312,
      "ci95_low": 0.014086235883106868,
      "ci95_high": 0.3734901570721531
    }
  },
  "audit_reason": "capacity-matched classical baseline"
}
