{
  "best_epoch": 1,
  "delta_scale_learned": 0.09980756044387817,
  "val": {
    "mse_norm": 0.08497703301779493,
    "mae_raw": 0.2198006897380477,
    "rmse_raw": 0.26527246566885904,
    "r2_raw": -0.3621626691135913,
    "delta_mae_raw": 0.2198006897380477,
    "delta_rmse_raw": 0.26527246566885904,
    "delta_r2_raw": -0.8175230366938513
  },
  "test": {
    "mse_norm": 0.09569384750607818,
    "mae_raw": 0.25582815781445567,
    "rmse_raw": 0.281503241757148,
    "r2_raw": 0.09208438188818213,
    "delta_mae_raw": 0.25582815781445567,
    "delta_rmse_raw": 0.281503241757148,
    "delta_r2_raw": -2.6448469617383137
  }
}
