{
  "best_epoch": 1,
  "val": {
    "mse_norm": 0.08988642125266166,
    "mae_raw": 0.22165001740581108,
    "rmse_raw": 0.27282768451777234,
    "r2_raw": -0.44085905499847544,
    "delta_mae_raw": 0.22165001740581108,
    "delta_rmse_raw": 0.27282768451777234,
    "delta_r2_raw": -0.922527011251018
  },
  "test": {
    "mse_norm": 0.10498401892340725,
    "mae_raw": 0.26617391727340045,
    "rmse_raw": 0.2948512609273929,
    "r2_raw": 0.003941915631996418,
    "delta_mae_raw": 0.26617391727340045,
    "delta_rmse_raw": 0.2948512609273929,
    "delta_r2_raw": -2.99869680628897
  }
}
