{
  "system": "lorenz",
  "model": "te_qpinn_fnn",
  "regime": "broadband_multiscale",
  "n_seeds": 3,
  "seeds": [
    0,
    1,
    2
  ],
  "pqc_params": 180,
  "classical_params": 300,
  "config_str": "per-component: n=4, L=5, H_fnn=16; dim=3",
  "steps": 1500,
  "metrics": {
    "mae": {
      "mean": 14.339877176579828,
      "std": 0.008084141690925563,
      "min": 14.334885220955142,
      "max": 14.349204232722848,
      "n_seeds": 3,
      "ci95_half_width": 0.020083742084262956,
      "ci95_low": 14.319793434495566,
      "ci95_high": 14.35996091866409
    },
    "relative_l2": {
      "mean": 0.9968616149654196,
      "std": 0.0002866762891963019,
      "min": 0.9966607754765938,
      "max": 0.9971899182756804,
      "n_seeds": 3,
      "ci95_half_width": 0.0007122008586706154,
      "ci95_low": 0.996149414106749,
      "ci95_high": 0.9975738158240902
    },
    "final_loss": {
      "mean": 5.815938631693522,
      "std": 0.610478669404009,
      "min": 5.333860874176025,
      "max": 6.502381801605225,
      "n_seeds": 3,
      "ci95_half_width": 1.5166354837665401,
      "ci95_low": 4.299303147926983,
      "ci95_high": 7.332574115460062
    },
    "relative_l2_predict_mean_baseline": {
      "mean": 0.353793945152362,
      "std": 0.0,
      "min": 0.353793945152362,
      "max": 0.353793945152362,
      "n_seeds": 3,
      "ci95_half_width": 0.0,
      "ci95_low": 0.353793945152362,
      "ci95_high": 0.353793945152362
    }
  },
  "audit_reason": ""
}
