{
  "family": "te_qpinn_qnn",
  "ode": "expdecay",
  "seed": 2,
  "steps": 2000,
  "lr": 0.02,
  "n_colloc": 60,
  "pqc_params": 84,
  "classical_params": 0,
  "config_str": "n=4, L_var=5, K_embed=3",
  "final_loss": 0.039069004356861115,
  "mae": 0.058346785604953766,
  "rmse": 0.07450774312019348
}
