{
  "system": "lorenz",
  "model": "te_qpinn_qnn",
  "regime": "broadband_multiscale",
  "n_seeds": 3,
  "seeds": [
    0,
    1,
    2
  ],
  "pqc_params": 252,
  "classical_params": 0,
  "config_str": "per-component: n=4, L_var=5, K_embed=3; dim=3",
  "steps": 2000,
  "metrics": {
    "mae": {
      "mean": 14.287829395165373,
      "std": 0.00026224764860522347,
      "min": 14.287542440722712,
      "max": 14.288056638072261,
      "n_seeds": 3,
      "ci95_half_width": 0.00065151185347281,
      "ci95_low": 14.2871778833119,
      "ci95_high": 14.288480907018846
    },
    "relative_l2": {
      "mean": 0.9881293524414424,
      "std": 4.689167091618831e-06,
      "min": 0.988124886753446,
      "max": 0.9881342369850941,
      "n_seeds": 3,
      "ci95_half_width": 1.1649476970919312e-05,
      "ci95_low": 0.9881177029644714,
      "ci95_high": 0.9881410019184134
    },
    "final_loss": {
      "mean": 49.960670471191406,
      "std": 0.0029770944480139883,
      "min": 49.95732498168945,
      "max": 49.96302795410156,
      "n_seeds": 3,
      "ci95_half_width": 0.007396109486987303,
      "ci95_low": 49.953274361704416,
      "ci95_high": 49.968066580678396
    },
    "relative_l2_predict_mean_baseline": {
      "mean": 0.353793945152362,
      "std": 0.0,
      "min": 0.353793945152362,
      "max": 0.353793945152362,
      "n_seeds": 3,
      "ci95_half_width": 0.0,
      "ci95_low": 0.353793945152362,
      "ci95_high": 0.353793945152362
    }
  },
  "audit_reason": ""
}
