{
  "system": "van_der_pol",
  "family": "non_liquid_hardware_efficient",
  "n_seeds": 3,
  "seeds": [
    0,
    1,
    2
  ],
  "trainable_params": 36,
  "n_train_points": 560,
  "n_test_points": 240,
  "rollout_steps": 200,
  "sampled_dt": 0.1,
  "metrics": {
    "relative_l2": {
      "mean": 1.4311294264268162,
      "std": 0.1961518559608095,
      "min": 1.2306680261360703,
      "max": 1.6226671407714015,
      "n_seeds": 3,
      "ci95_half_width": 0.4873075503969007,
      "ci95_low": 0.9438218760299155,
      "ci95_high": 1.9184369768237168
    },
    "vpt_time": {
      "mean": 1.6666666666666667,
      "std": 1.2220201853215573,
      "min": 0.6000000000000001,
      "max": 3.0,
      "n_seeds": 3,
      "ci95_half_width": 3.035911437736249,
      "ci95_low": -1.3692447710695823,
      "ci95_high": 4.702578104402916
    },
    "spectral_error": {
      "mean": 2.4187734327156227,
      "std": 1.7094006773367125,
      "min": 1.1886881376567158,
      "max": 4.370684922293201,
      "n_seeds": 3,
      "ci95_half_width": 4.2467294160407425,
      "ci95_low": -1.8279559833251198,
      "ci95_high": 6.665502848756365
    },
    "persistence_floor_relative_l2": {
      "mean": 1.34648773242043,
      "std": 0.0,
      "min": 1.34648773242043,
      "max": 1.34648773242043,
      "n_seeds": 3,
      "ci95_half_width": 0.0,
      "ci95_low": 1.34648773242043,
      "ci95_high": 1.34648773242043
    }
  }
}
