{
  "best_epoch": 1,
  "val": {
    "mse_norm": 0.012285403703945263,
    "mae_raw": 0.07930738205259495,
    "rmse_raw": 0.1008639817141732,
    "r2_raw": 0.8902572056738123,
    "delta_mae_raw": 0.07930738205259495,
    "delta_rmse_raw": 0.1008639817141732,
    "delta_r2_raw": -0.5067560871909156
  },
  "test": {
    "mse_norm": 0.01468510204457754,
    "mae_raw": 0.09118227138075716,
    "rmse_raw": 0.11027571356883009,
    "r2_raw": 0.9096254976745163,
    "delta_mae_raw": 0.09118227138075716,
    "delta_rmse_raw": 0.11027571356883009,
    "delta_r2_raw": -0.8641926554390644
  }
}
