{
  "pde": "burgers_smooth",
  "seed": 1,
  "regime": "smooth_periodic",
  "steps": 600,
  "lr": 0.02,
  "n_t_qubits": 4,
  "n_x_qubits": 4,
  "num_layers": 5,
  "n_t_colloc": 28,
  "n_x_colloc": 28,
  "pqc_params": 120,
  "final_loss": 0.14710506796836853,
  "mae": 0.1999190543737841,
  "rmse": 0.23878611578826608,
  "relative_l2": 0.3897162574998064
}
