{
  "system": "lotka_volterra",
  "family": "strongly_entangling",
  "seed": 1,
  "n_train_points": 560,
  "n_test_points": 240,
  "trainable_params": 42,
  "sampled_dt": 0.1,
  "rollout_steps": 200,
  "dt_step": 0.1,
  "relative_l2": 0.7614458041617395,
  "vpt_step": 51,
  "vpt_time": 5.1000000000000005,
  "vpt_lyapunov": null,
  "spectral_error": 0.7979967240008258,
  "invariant_drift_final": 0.32956362549258067,
  "persistence_floor_relative_l2": 0.8837616584035011,
  "train_loss_history": [
    0.060590069741010666,
    0.044734083116054535,
    0.031803686171770096,
    0.022580459713935852,
    0.015610112808644772
  ]
}
