{
  "n_seeds": 5,
  "seeds": [
    0,
    1,
    2,
    3,
    4
  ],
  "val": {
    "mse_norm": {
      "mean": 0.08734534086766088,
      "std": 0.0023585005390138994,
      "min": 0.08351441410977706,
      "max": 0.08959270700631282,
      "n_seeds": 5,
      "ci95_half_width": 0.002928465209037731,
      "ci95_low": 0.08441687565862314,
      "ci95_high": 0.09027380607669862
    },
    "mae_raw": {
      "mean": 0.21907029055921656,
      "std": 0.0033878961301860855,
      "min": 0.21388434993593314,
      "max": 0.2230814084253813,
      "n_seeds": 5,
      "ci95_half_width": 0.004206628654505915,
      "ci95_low": 0.21486366190471065,
      "ci95_high": 0.22327691921372247
    },
    "rmse_raw": {
      "mean": 0.2689237980985344,
      "std": 0.0036516415433107555,
      "min": 0.26297963100648375,
      "max": 0.2723815718287998,
      "n_seeds": 5,
      "ci95_half_width": 0.0045341118386741965,
      "ci95_low": 0.2643896862598602,
      "ci95_high": 0.2734579099372086
    },
    "r2_raw": {
      "mean": -0.40012610967500156,
      "std": 0.03780623158090561,
      "min": -0.43615088188916595,
      "max": -0.338717217973582,
      "n_seeds": 5,
      "ci95_half_width": 0.046942636661764674,
      "ci95_low": -0.44706874633676624,
      "ci95_high": -0.3531834730132369
    },
    "delta_mae_raw": {
      "mean": 0.21907029055921656,
      "std": 0.0033878961301860855,
      "min": 0.21388434993593314,
      "max": 0.2230814084253813,
      "n_seeds": 5,
      "ci95_half_width": 0.004206628654505915,
      "ci95_low": 0.21486366190471065,
      "ci95_high": 0.22327691921372247
    },
    "delta_rmse_raw": {
      "mean": 0.2689237980985344,
      "std": 0.0036516415433107555,
      "min": 0.26297963100648375,
      "max": 0.2723815718287998,
      "n_seeds": 5,
      "ci95_half_width": 0.0045341118386741965,
      "ci95_low": 0.2643896862598602,
      "ci95_high": 0.2734579099372086
    },
    "delta_r2_raw": {
      "mean": -0.8681773596591263,
      "std": 0.05044456024741373,
      "min": -0.9162449325529716,
      "max": -0.786239953902883,
      "n_seeds": 5,
      "ci95_half_width": 0.06263519436443439,
      "ci95_low": -0.9308125540235608,
      "ci95_high": -0.8055421652946919
    }
  },
  "test": {
    "mse_norm": {
      "mean": 0.10399799105689198,
      "std": 0.0034839113828752954,
      "min": 0.09918941039318206,
      "max": 0.10746360066205855,
      "n_seeds": 5,
      "ci95_half_width": 0.004325847337048544,
      "ci95_low": 0.09967214371984343,
      "ci95_high": 0.10832383839394052
    },
    "mae_raw": {
      "mean": 0.2655255354088796,
      "std": 0.0043674656914080906,
      "min": 0.2590305680288395,
      "max": 0.26990547680518995,
      "n_seeds": 5,
      "ci95_half_width": 0.005422924912411536,
      "ci95_low": 0.26010261049646805,
      "ci95_high": 0.2709484603212911
    },
    "rmse_raw": {
      "mean": 0.29343016833043406,
      "std": 0.004933648217258474,
      "min": 0.2865985881796943,
      "max": 0.2983129358714614,
      "n_seeds": 5,
      "ci95_half_width": 0.00612593337117203,
      "ci95_low": 0.28730423495926205,
      "ci95_high": 0.29955610170160607
    },
    "r2_raw": {
      "mean": 0.013297063567143042,
      "std": 0.03305434611592054,
      "min": -0.01958364056181594,
      "max": 0.05891948966152105,
      "n_seeds": 5,
      "ci95_half_width": 0.041042391556304965,
      "ci95_low": -0.027745327989161923,
      "ci95_high": 0.05433945512344801
    },
    "delta_mae_raw": {
      "mean": 0.2655255354088796,
      "std": 0.0043674656914080906,
      "min": 0.2590305680288395,
      "max": 0.26990547680518995,
      "n_seeds": 5,
      "ci95_half_width": 0.005422924912411536,
      "ci95_low": 0.26010261049646805,
      "ci95_high": 0.2709484603212911
    },
    "delta_rmse_raw": {
      "mean": 0.29343016833043406,
      "std": 0.004933648217258474,
      "min": 0.2865985881796943,
      "max": 0.2983129358714614,
      "n_seeds": 5,
      "ci95_half_width": 0.00612593337117203,
      "ci95_low": 0.28730423495926205,
      "ci95_high": 0.29955610170160607
    },
    "delta_r2_raw": {
      "mean": -2.9611403617826566,
      "std": 0.13269739016431528,
      "min": -3.0931406624201685,
      "max": -2.777988141664394,
      "n_seeds": 5,
      "ci95_half_width": 0.16476557202262856,
      "ci95_low": -3.125905933805285,
      "ci95_high": -2.796374789760028
    }
  }
}
