{
  "system": "lotka_volterra",
  "family": "non_liquid_strongly_entangling",
  "n_seeds": 3,
  "seeds": [
    0,
    1,
    2
  ],
  "trainable_params": 39,
  "n_train_points": 560,
  "n_test_points": 240,
  "rollout_steps": 200,
  "sampled_dt": 0.1,
  "metrics": {
    "relative_l2": {
      "mean": 0.6754312359365259,
      "std": 0.10864393760496917,
      "min": 0.5829894179787481,
      "max": 0.7950986417536455,
      "n_seeds": 3,
      "ci95_half_width": 0.26990828529468053,
      "ci95_low": 0.40552295064184535,
      "ci95_high": 0.9453395212312063
    },
    "vpt_time": {
      "mean": 5.400000000000001,
      "std": 2.685144316419511,
      "min": 3.0,
      "max": 8.3,
      "n_seeds": 3,
      "ci95_half_width": 6.670806620142226,
      "ci95_low": -1.270806620142225,
      "ci95_high": 12.070806620142228
    },
    "spectral_error": {
      "mean": 0.49533933632595284,
      "std": 0.2808976866634274,
      "min": 0.3078288544766479,
      "max": 0.8182961801471518,
      "n_seeds": 3,
      "ci95_half_width": 0.6978448556074834,
      "ci95_low": -0.2025055192815306,
      "ci95_high": 1.1931841919334363
    },
    "persistence_floor_relative_l2": {
      "mean": 0.883761658403501,
      "std": 1.3597399555105182e-16,
      "min": 0.8837616584035011,
      "max": 0.8837616584035011,
      "n_seeds": 3,
      "ci95_half_width": 3.378053924858142e-16,
      "ci95_low": 0.8837616584035006,
      "ci95_high": 0.8837616584035013
    },
    "invariant_drift_final": {
      "mean": 0.36251380746534795,
      "std": 0.024404408379612275,
      "min": 0.34363185673580354,
      "max": 0.3900704970264797,
      "n_seeds": 3,
      "ci95_half_width": 0.060628804188987785,
      "ci95_low": 0.30188500327636014,
      "ci95_high": 0.42314261165433575
    }
  }
}
