{
  "best_epoch": 5,
  "val": {
    "mse_norm": 0.07647224688642963,
    "mae_raw": 0.21014068805857702,
    "rmse_raw": 0.2516479041173448,
    "r2_raw": -0.22583286604180275,
    "delta_mae_raw": 0.21014068805857702,
    "delta_rmse_raw": 0.2516479041173448,
    "delta_r2_raw": -0.6356192426101734
  },
  "test": {
    "mse_norm": 0.10033999337087181,
    "mae_raw": 0.26172226754712374,
    "rmse_raw": 0.28825604678899436,
    "r2_raw": 0.048003090304584495,
    "delta_mae_raw": 0.26172226754712374,
    "delta_rmse_raw": 0.28825604678899436,
    "delta_r2_raw": -2.821812263901657
  }
}
