{
  "best_epoch": 130,
  "delta_scale_learned": 0.1000244989991188,
  "val": {
    "mse_norm": 0.07054338240827986,
    "mae_raw": 0.20005866458541469,
    "rmse_raw": 0.24169603838767517,
    "r2_raw": -0.13079450596305042,
    "delta_mae_raw": 0.20005866458541469,
    "delta_rmse_raw": 0.24169603838767517,
    "delta_r2_raw": -0.5088102992075898
  },
  "test": {
    "mse_norm": 0.07551633547917522,
    "mae_raw": 0.22589712032130063,
    "rmse_raw": 0.25007014497997354,
    "r2_raw": 0.2835227949240948,
    "delta_mae_raw": 0.22589712032130063,
    "delta_rmse_raw": 0.25007014497997354,
    "delta_r2_raw": -1.876313296060128
  }
}
