{
  "expressibility_kl": {
    "full_rho": 0.5175491695067657,
    "loo_rhos": [
      0.24743582965269675,
      0.629940788348712,
      0.5039526306789697,
      0.5039526306789697,
      0.5039526306789697,
      0.5773502691896258,
      0.629940788348712,
      0.5039526306789697,
      0.5039526306789697
    ],
    "loo_mean": 0.5116034254371772,
    "loo_std": 0.113141118934406,
    "loo_min": 0.24743582965269675,
    "loo_max": 0.629940788348712,
    "sign_stable": true,
    "all_positive": true,
    "all_negative": false
  },
  "entangling_q": {
    "full_rho": 0.17928429140015903,
    "loo_rhos": [
      -0.04676097647914123,
      0.2749286996141075,
      0.5039526306789697,
      0.1787036547491699,
      0.1787036547491699,
      0.17145691375685118,
      0.2749286996141075,
      0.04123930494211613,
      0.04123930494211613
    ],
    "loo_mean": 0.1798213207297185,
    "loo_std": 0.1631616845311674,
    "loo_min": -0.04676097647914123,
    "loo_max": 0.5039526306789697,
    "sign_stable": false,
    "all_positive": false,
    "all_negative": false
  },
  "gradient_variance": {
    "full_rho": -0.17928429140015903,
    "loo_rhos": [
      0.04676097647914123,
      -0.2749286996141075,
      -0.5039526306789697,
      -0.1787036547491699,
      -0.1787036547491699,
      -0.17145691375685118,
      -0.2749286996141075,
      -0.04123930494211613,
      -0.04123930494211613
    ],
    "loo_mean": -0.1798213207297185,
    "loo_std": 0.1631616845311674,
    "loo_min": -0.5039526306789697,
    "loo_max": 0.04676097647914123,
    "sign_stable": false,
    "all_positive": false,
    "all_negative": false
  },
  "fourier_bandwidth": {
    "full_rho": NaN,
    "loo_rhos": [
      NaN,
      NaN,
      NaN,
      NaN,
      NaN,
      NaN,
      NaN,
      NaN,
      NaN
    ],
    "loo_mean": null,
    "loo_std": 0.0,
    "loo_min": null,
    "loo_max": null,
    "sign_stable": false,
    "all_positive": false,
    "all_negative": false
  }
}
