{
  "system": "lorenz",
  "family": "brickwall",
  "seed": 1,
  "n_train_points": 560,
  "n_test_points": 240,
  "trainable_params": 49,
  "sampled_dt": 0.05,
  "rollout_steps": 200,
  "dt_step": 0.05,
  "relative_l2": 0.49435646828225616,
  "vpt_step": 2,
  "vpt_time": 0.1,
  "vpt_lyapunov": 0.09060000000000001,
  "spectral_error": 0.13765431583970136,
  "invariant_drift_final": null,
  "persistence_floor_relative_l2": 0.45480979577386477,
  "train_loss_history": [
    10.247593879699707,
    10.125962257385254,
    9.966043472290039,
    9.678357124328613,
    9.375038146972656
  ]
}
