{
  "persistence": {
    "val": {
      "mse_norm": 0.0131667793121723,
      "mae_raw": 0.0823863692039793,
      "rmse_raw": 0.10441939450317586,
      "r2_raw": 0.8823840722849016
    },
    "test": {
      "mse_norm": 0.015405116351465088,
      "mae_raw": 0.09337209061134698,
      "rmse_raw": 0.11294678769512764,
      "r2_raw": 0.905194412724976
    }
  },
  "linear": {
    "val": {
      "mse_norm": 0.02983142623226084,
      "mae_raw": 0.12102273177016866,
      "rmse_raw": 0.1571731658488026,
      "r2_raw": 0.7335224667942721
    },
    "test": {
      "mse_norm": 0.03210628992158141,
      "mae_raw": 0.12755810859591463,
      "rmse_raw": 0.16305587595686813,
      "r2_raw": 0.8024126788923456
    }
  }
}
