{
  "persistence": {
    "val": {
      "mse_norm": 0.0007550837284929981,
      "mae_raw": 0.08238635950467803,
      "rmse_raw": 0.10441939015067504,
      "r2_raw": 0.8823840799412748
    },
    "test": {
      "mse_norm": 0.0008834470621611494,
      "mae_raw": 0.09337208659149883,
      "rmse_raw": 0.11294678205954783,
      "r2_raw": 0.9051944196558669
    }
  },
  "linear": {
    "val": {
      "mse_norm": 0.0017107635132304168,
      "mae_raw": 0.12102277265353639,
      "rmse_raw": 0.15717323287076343,
      "r2_raw": 0.7335222346625385
    },
    "test": {
      "mse_norm": 0.0025802844086085255,
      "mae_raw": 0.15453492735707483,
      "rmse_raw": 0.19302669986379373,
      "r2_raw": 0.7231012798745065
    }
  }
}
