{
  "n_seeds": 5,
  "seeds": [
    0,
    1,
    2,
    3,
    4
  ],
  "val": {
    "mse_norm": {
      "mean": 0.00037292106747153624,
      "std": 0.00013488264441315217,
      "min": 0.00022058739687813578,
      "max": 0.0005183894118562238,
      "n_seeds": 5
    },
    "mae_raw": {
      "mean": 0.055674918944185414,
      "std": 0.010051244876609225,
      "min": 0.04318151704289693,
      "max": 0.06599750044670971,
      "n_seeds": 5
    },
    "rmse_raw": {
      "mean": 0.07240858440248323,
      "std": 0.013321839170955457,
      "min": 0.05643830269347473,
      "max": 0.08651903320775069,
      "n_seeds": 5
    },
    "r2_raw": {
      "mean": 0.9419118002350737,
      "std": 0.021010049248801777,
      "min": 0.9192528651811142,
      "max": 0.9656401155816701,
      "n_seeds": 5
    }
  },
  "test": {
    "mse_norm": {
      "mean": 0.00037434483485271005,
      "std": 5.003507575062863e-05,
      "min": 0.00032832246955695124,
      "max": 0.0004446362751117843,
      "n_seeds": 5
    },
    "mae_raw": {
      "mean": 0.061275025578432306,
      "std": 0.004086667950123463,
      "min": 0.057446722790252334,
      "max": 0.06653034784073052,
      "n_seeds": 5
    },
    "rmse_raw": {
      "mean": 0.07339436436810949,
      "std": 0.004848542857693791,
      "min": 0.0688547490039894,
      "max": 0.08012832091473132,
      "n_seeds": 5
    },
    "r2_raw": {
      "mean": 0.9598278370746722,
      "std": 0.005369426870351345,
      "min": 0.9522846337833686,
      "max": 0.9647666469225431,
      "n_seeds": 5
    }
  }
}
