{
  "n_seeds": 5,
  "seeds": [
    0,
    1,
    2,
    3,
    4
  ],
  "val": {
    "mse_norm": {
      "mean": 0.0003769788571718926,
      "std": 0.0001252572425727002,
      "min": 0.00022102231576106378,
      "max": 0.0005286247862455109,
      "n_seeds": 5
    },
    "mae_raw": {
      "mean": 0.055886116678064514,
      "std": 0.009208486079209186,
      "min": 0.04324468414891849,
      "max": 0.06642175628380342,
      "n_seeds": 5
    },
    "rmse_raw": {
      "mean": 0.0727502926566983,
      "std": 0.012286969354844092,
      "min": 0.05649391329683012,
      "max": 0.08736899858293659,
      "n_seeds": 5
    },
    "r2_raw": {
      "mean": 0.9412797369936042,
      "std": 0.01951074466749508,
      "min": 0.9176585479808955,
      "max": 0.9655723702672946,
      "n_seeds": 5
    }
  },
  "test": {
    "mse_norm": {
      "mean": 0.000378444925252469,
      "std": 4.303487665856279e-05,
      "min": 0.0003348463528148546,
      "max": 0.00044880308695936625,
      "n_seeds": 5
    },
    "mae_raw": {
      "mean": 0.061460970141166874,
      "std": 0.0035138469388553725,
      "min": 0.05779751234276352,
      "max": 0.06641362517379053,
      "n_seeds": 5
    },
    "rmse_raw": {
      "mean": 0.07380776818472948,
      "std": 0.00414223082829628,
      "min": 0.06953546817737336,
      "max": 0.08050289793351076,
      "n_seeds": 5
    },
    "r2_raw": {
      "mean": 0.9593878430258362,
      "std": 0.004618212716303119,
      "min": 0.9518374796387519,
      "max": 0.9640665477713276,
      "n_seeds": 5
    }
  }
}
