{
  "n_seeds": 5,
  "seeds": [
    0,
    1,
    2,
    3,
    4
  ],
  "val": {
    "mse_norm": {
      "mean": 0.011284097235107152,
      "std": 0.0016433809566873574,
      "min": 0.009509125845982392,
      "max": 0.013555843054094458,
      "n_seeds": 5
    },
    "mae_raw": {
      "mean": 0.07530711700699544,
      "std": 0.006110863940260098,
      "min": 0.068411192338575,
      "max": 0.08353619914163239,
      "n_seeds": 5
    },
    "rmse_raw": {
      "mean": 0.09646299494362524,
      "std": 0.007004599105084244,
      "min": 0.08873841959973151,
      "max": 0.10595090199283633,
      "n_seeds": 5
    },
    "r2_raw": {
      "mean": 0.8992016549174211,
      "std": 0.014679958646486973,
      "min": 0.8789086519211549,
      "max": 0.9150570817951745,
      "n_seeds": 5
    }
  },
  "test": {
    "mse_norm": {
      "mean": 0.014537044913882038,
      "std": 0.002343404736540636,
      "min": 0.011759544826886905,
      "max": 0.016808585786328437,
      "n_seeds": 5
    },
    "mae_raw": {
      "mean": 0.08990745702455208,
      "std": 0.007284756386504415,
      "min": 0.0812856273595677,
      "max": 0.09713606970254762,
      "n_seeds": 5
    },
    "rmse_raw": {
      "mean": 0.10942631158611082,
      "std": 0.008944916562292312,
      "min": 0.09868170585850775,
      "max": 0.11797961641596644,
      "n_seeds": 5
    },
    "r2_raw": {
      "mean": 0.9105366652960777,
      "std": 0.01442169323503218,
      "min": 0.8965572339488409,
      "max": 0.9276298517995968,
      "n_seeds": 5
    }
  }
}
