{
  "best_epoch": 1,
  "val": {
    "mse_norm": 0.08574549887512437,
    "mae_raw": 0.21796212875529344,
    "rmse_raw": 0.26646922452412863,
    "r2_raw": -0.3744810034466257,
    "delta_mae_raw": 0.21796212875529344,
    "delta_rmse_raw": 0.26646922452412863,
    "delta_r2_raw": -0.8339592942214167
  },
  "test": {
    "mse_norm": 0.10046713587665479,
    "mae_raw": 0.26104933426413734,
    "rmse_raw": 0.28843861603373744,
    "r2_raw": 0.04679679888946586,
    "delta_mae_raw": 0.26104933426413734,
    "delta_rmse_raw": 0.28843861603373744,
    "delta_r2_raw": -2.826654946978868
  }
}
