{
  "best_epoch": 1,
  "delta_scale_learned": 0.100304014980793,
  "val": {
    "mse_norm": 0.08363749042187302,
    "mae_raw": 0.2120552895571056,
    "rmse_raw": 0.26317333797015424,
    "r2_raw": -0.3406901034914156,
    "delta_mae_raw": 0.2120552895571056,
    "delta_rmse_raw": 0.26317333797015424,
    "delta_r2_raw": -0.7888723596784397
  },
  "test": {
    "mse_norm": 0.1197477641123472,
    "mae_raw": 0.28501458547484704,
    "rmse_raw": 0.314901767955397,
    "r2_raw": -0.13613223948033082,
    "delta_mae_raw": 0.28501458547484704,
    "delta_rmse_raw": 0.314901767955397,
    "delta_r2_raw": -3.5610275433028455
  }
}
