{
  "family": "te_qpinn_fnn",
  "ode": "expdecay",
  "seed": 1,
  "steps": 1500,
  "lr": 0.02,
  "n_colloc": 60,
  "pqc_params": 60,
  "classical_params": 100,
  "config_str": "n=4, L=5, H_fnn=16",
  "final_loss": 3.3486758184153587e-06,
  "mae": 0.00015449120837729424,
  "rmse": 0.00018980364257004112
}
