{
  "family": "qcpinn",
  "system": "fitzhugh_nagumo",
  "seed": 2,
  "dim": 2,
  "regime": "broadband_multiscale",
  "steps": 1500,
  "lr": 0.02,
  "n_colloc": 60,
  "pqc_params": 30,
  "classical_params": 1412,
  "per_component_pqc_params": 15,
  "config_str": "per-component: n=5, L=1, Cascade; dim=2",
  "final_loss": 0.11475235968828201,
  "mae": 1.2665756732025808,
  "mae_per_component": [
    1.9820211193161086,
    0.5511302270890525
  ],
  "relative_l2": 1.6250692118771337
}
