{
  "best_epoch": 1,
  "val": {
    "mse_norm": 0.08523486498897438,
    "mae_raw": 0.2172637301683426,
    "rmse_raw": 0.2656745973881765,
    "r2_raw": -0.36629565744669845,
    "delta_mae_raw": 0.2172637301683426,
    "delta_rmse_raw": 0.2656745973881765,
    "delta_r2_raw": -0.8230376508263157
  },
  "test": {
    "mse_norm": 0.10294059989495857,
    "mae_raw": 0.2640632023945661,
    "rmse_raw": 0.29196765364165794,
    "r2_raw": 0.023329285861389937,
    "delta_mae_raw": 0.2640632023945661,
    "delta_rmse_raw": 0.29196765364165794,
    "delta_r2_raw": -2.9208657875609747
  }
}
