{
  "best_epoch": 1,
  "delta_scale_learned": 0.10102999955415726,
  "val": {
    "mse_norm": 0.07750924658690295,
    "mae_raw": 0.20497956776305248,
    "rmse_raw": 0.25334839075591997,
    "r2_raw": -0.242455737301275,
    "delta_mae_raw": 0.20497956776305248,
    "delta_rmse_raw": 0.25334839075591997,
    "delta_r2_raw": -0.6577990102217373
  },
  "test": {
    "mse_norm": 0.10372171853817821,
    "mae_raw": 0.2635737080305395,
    "rmse_raw": 0.2930732930880351,
    "r2_raw": 0.015918257521951862,
    "delta_mae_raw": 0.2635737080305395,
    "delta_rmse_raw": 0.2930732930880351,
    "delta_r2_raw": -2.9506175217392387
  }
}
