{
  "family": "te_qpinn_fnn",
  "system": "van_der_pol",
  "regime": "smooth_periodic",
  "dim": 2,
  "n_seeds": 3,
  "seeds": [
    0,
    1,
    2
  ],
  "pqc_params": 120,
  "classical_params": 200,
  "config_str": "per-component: n=4, L=5, H_fnn=16; dim=2",
  "steps": 1500,
  "metrics": {
    "mae": {
      "mean": 0.8165671910818754,
      "std": 0.04247950510198912,
      "min": 0.7724935529679868,
      "max": 0.8572492285946172,
      "n_seeds": 3,
      "ci95_half_width": 0.10553345759552168,
      "ci95_low": 0.7110337334863537,
      "ci95_high": 0.922100648677397
    },
    "relative_l2": {
      "mean": 0.8347098517455939,
      "std": 0.02645739413228507,
      "min": 0.8176052896737609,
      "max": 0.8651840207366839,
      "n_seeds": 3,
      "ci95_half_width": 0.06572911513549548,
      "ci95_low": 0.7689807366100984,
      "ci95_high": 0.9004389668810894
    },
    "final_loss": {
      "mean": 0.7218742867310842,
      "std": 0.34990873892618,
      "min": 0.42659685015678406,
      "max": 1.1083530187606812,
      "n_seeds": 3,
      "ci95_half_width": 0.8692916495404124,
      "ci95_low": -0.14741736280932816,
      "ci95_high": 1.5911659362714965
    }
  }
}
