{
  "family": "te_qpinn_qnn",
  "ode": "logistic",
  "seed": 1,
  "steps": 2000,
  "lr": 0.02,
  "n_colloc": 60,
  "pqc_params": 84,
  "classical_params": 0,
  "config_str": "n=4, L_var=5, K_embed=3",
  "final_loss": 0.0025645431596785784,
  "mae": 0.035041775554418564,
  "rmse": 0.04656211659312248
}
