{
  "best_epoch": 10,
  "val": {
    "mse_norm": 0.08522263227977576,
    "mae_raw": 0.216914096239366,
    "rmse_raw": 0.26565553220454924,
    "r2_raw": -0.3660995698778491,
    "delta_mae_raw": 0.216914096239366,
    "delta_rmse_raw": 0.26565553220454924,
    "delta_r2_raw": -0.822776012710932
  },
  "test": {
    "mse_norm": 0.10098058441034287,
    "mae_raw": 0.26079443270051983,
    "rmse_raw": 0.2891747256421365,
    "r2_raw": 0.04192534732825226,
    "delta_mae_raw": 0.26079443270051983,
    "delta_rmse_raw": 0.2891747256421365,
    "delta_r2_raw": -2.846211495041199
  }
}
