{
  "best_epoch": 1,
  "val": {
    "mse_norm": 0.08522010551374475,
    "mae_raw": 0.21727176057664974,
    "rmse_raw": 0.26565159396459864,
    "r2_raw": -0.36605906638839025,
    "delta_mae_raw": 0.21727176057664974,
    "delta_rmse_raw": 0.26565159396459864,
    "delta_r2_raw": -0.8227219692205128
  },
  "test": {
    "mse_norm": 0.10282772410248223,
    "mae_raw": 0.26394529789266447,
    "rmse_raw": 0.29180753645042395,
    "r2_raw": 0.024400218816505115,
    "delta_mae_raw": 0.26394529789266447,
    "delta_rmse_raw": 0.29180753645042395,
    "delta_r2_raw": -2.9165665039603743
  }
}
