{
  "best_epoch": 10,
  "delta_scale_learned": 0.11174076050519943,
  "val": {
    "mse_norm": 0.08109574749325152,
    "mae_raw": 0.21179619255818818,
    "rmse_raw": 0.25914356735053556,
    "r2_raw": -0.2999465377431667,
    "delta_mae_raw": 0.21179619255818818,
    "delta_rmse_raw": 0.25914356735053556,
    "delta_r2_raw": -0.734508537336515
  },
  "test": {
    "mse_norm": 0.09613804496342082,
    "mae_raw": 0.2551848901157646,
    "rmse_raw": 0.2821558346627068,
    "r2_raw": 0.08786996456086871,
    "delta_mae_raw": 0.2551848901157646,
    "delta_rmse_raw": 0.2821558346627068,
    "delta_r2_raw": -2.661765831603006
  }
}
