{
  "best_epoch": 35,
  "val": {
    "mse_norm": 0.08517589147428688,
    "mae_raw": 0.22297578985753808,
    "rmse_raw": 0.2655826721189787,
    "r2_raw": -0.3653503253102264,
    "delta_mae_raw": 0.22297578985753808,
    "delta_rmse_raw": 0.2655826721189787,
    "delta_r2_raw": -0.8217763015217698
  },
  "test": {
    "mse_norm": 0.08414163175177931,
    "mae_raw": 0.23992521363244926,
    "rmse_raw": 0.2639653107013276,
    "r2_raw": 0.20168847222909092,
    "delta_mae_raw": 0.23992521363244926,
    "delta_rmse_raw": 0.2639653107013276,
    "delta_r2_raw": -2.2048389613208643
  }
}
