{
  "family": "chebyshev_dqc",
  "system": "lotka_volterra",
  "seed": 1,
  "dim": 2,
  "regime": "smooth_periodic",
  "steps": 1200,
  "lr": 0.02,
  "n_colloc": 60,
  "pqc_params": 120,
  "classical_params": 0,
  "per_component_pqc_params": 60,
  "config_str": "per-component: n=4, L=5; dim=2",
  "final_loss": 0.09808653593063354,
  "mae": 0.34337698895616414,
  "mae_per_component": [
    0.4846110945677853,
    0.20214288334454256
  ],
  "relative_l2": 0.11613706901520766
}
