{
  "best_epoch": 1,
  "delta_scale_learned": 0.1008298322558403,
  "val": {
    "mse_norm": 0.08697211559271112,
    "mae_raw": 0.21762271768168395,
    "rmse_raw": 0.2683684201286062,
    "r2_raw": -0.39414339271429344,
    "delta_mae_raw": 0.21762271768168395,
    "delta_rmse_raw": 0.2683684201286062,
    "delta_r2_raw": -0.8601946670302187
  },
  "test": {
    "mse_norm": 0.11066496651822387,
    "mae_raw": 0.2735085771453212,
    "rmse_raw": 0.3027237334166932,
    "r2_raw": -0.04995727623277957,
    "delta_mae_raw": 0.2735085771453212,
    "delta_rmse_raw": 0.3027237334166932,
    "delta_r2_raw": -3.215076282299134
  }
}
