{
  "best_epoch": 1,
  "val": {
    "mse_norm": 0.0919689436583664,
    "mae_raw": 0.22347357382899832,
    "rmse_raw": 0.27597007490576436,
    "r2_raw": -0.47424141936096786,
    "delta_mae_raw": 0.22347357382899832,
    "delta_rmse_raw": 0.27597007490576436,
    "delta_r2_raw": -0.9670688399355614
  },
  "test": {
    "mse_norm": 0.10922120245713189,
    "mae_raw": 0.27173069252094756,
    "rmse_raw": 0.30074254397200084,
    "r2_raw": -0.036259259337276584,
    "delta_mae_raw": 0.27173069252094756,
    "delta_rmse_raw": 0.30074254397200084,
    "delta_r2_raw": -3.1600852960583126
  }
}
