{
  "best_epoch": 1,
  "delta_scale_learned": 0.09923923015594482,
  "val": {
    "mse_norm": 0.0786001146264034,
    "mae_raw": 0.20763095422794942,
    "rmse_raw": 0.25512497902425124,
    "r2_raw": -0.2599421058830713,
    "delta_mae_raw": 0.20763095422794942,
    "delta_rmse_raw": 0.25512497902425124,
    "delta_r2_raw": -0.6811309355829103
  },
  "test": {
    "mse_norm": 0.09615857872512538,
    "mae_raw": 0.2543713631092661,
    "rmse_raw": 0.28218596535312723,
    "r2_raw": 0.08767514615366634,
    "delta_mae_raw": 0.2543713631092661,
    "delta_rmse_raw": 0.28218596535312723,
    "delta_r2_raw": -2.662547934328652
  }
}
