{
  "best_epoch": 1,
  "val": {
    "mse_norm": 0.0003100104116851122,
    "mae_raw": 0.05368130335753613,
    "rmse_raw": 0.06690702761842747,
    "r2_raw": 0.9517111037859337
  },
  "test": {
    "mse_norm": 0.00040711132210009083,
    "mae_raw": 0.06641362517379053,
    "rmse_raw": 0.07667259935025884,
    "r2_raw": 0.9563115586553096
  }
}
