{
  "best_epoch": 1,
  "val": {
    "mse_norm": 0.00031200575997246784,
    "mae_raw": 0.053936508297920224,
    "rmse_raw": 0.06712200216026361,
    "r2_raw": 0.9514002975590224
  },
  "test": {
    "mse_norm": 0.0004090962801243129,
    "mae_raw": 0.06653034784073052,
    "rmse_raw": 0.07685928886605103,
    "r2_raw": 0.9560985463476057
  }
}
