{
  "system": "lorenz",
  "family": "strongly_entangling",
  "seed": 2,
  "n_train_points": 560,
  "n_test_points": 240,
  "trainable_params": 52,
  "sampled_dt": 0.05,
  "rollout_steps": 200,
  "dt_step": 0.05,
  "relative_l2": 1.1853464700019796,
  "vpt_step": 2,
  "vpt_time": 0.1,
  "vpt_lyapunov": 0.09060000000000001,
  "spectral_error": 3.055076155901707,
  "invariant_drift_final": null,
  "persistence_floor_relative_l2": 0.45480979577386477,
  "train_loss_history": [
    10.256439208984375,
    10.07852840423584,
    9.847180366516113,
    9.529824256896973,
    9.130908012390137
  ]
}
