{
  "best_epoch": 1,
  "val": {
    "mse_norm": 0.08639453238368794,
    "mae_raw": 0.21794484610620293,
    "rmse_raw": 0.2674758162281816,
    "r2_raw": -0.38488486417195844,
    "delta_mae_raw": 0.21794484610620293,
    "delta_rmse_raw": 0.2674758162281816,
    "delta_r2_raw": -0.847841084530023
  },
  "test": {
    "mse_norm": 0.10704424875387986,
    "mae_raw": 0.26865460855860107,
    "rmse_raw": 0.29773031822958146,
    "r2_raw": -0.015604950637196913,
    "delta_mae_raw": 0.26865460855860107,
    "delta_rmse_raw": 0.29773031822958146,
    "delta_r2_raw": -3.0771681253317498
  }
}
