{
  "best_epoch": 5,
  "val": {
    "mse_norm": 0.01191362032304788,
    "mae_raw": 0.07746955921704117,
    "rmse_raw": 0.09932607406676226,
    "r2_raw": 0.8935782643941385,
    "delta_mae_raw": 0.07746955921704117,
    "delta_rmse_raw": 0.09932607406676226,
    "delta_r2_raw": -0.4611583286000722
  },
  "test": {
    "mse_norm": 0.014934002168160987,
    "mae_raw": 0.09325374852779295,
    "rmse_raw": 0.11120632713768629,
    "r2_raw": 0.9080937259013735,
    "delta_mae_raw": 0.09325374852779295,
    "delta_rmse_raw": 0.11120632713768629,
    "delta_r2_raw": -0.8957891524135921
  }
}
