{
  "system": "lorenz",
  "family": "data_reuploading",
  "seed": 1,
  "n_train_points": 560,
  "n_test_points": 240,
  "trainable_params": 52,
  "sampled_dt": 0.05,
  "rollout_steps": 200,
  "dt_step": 0.05,
  "relative_l2": 0.5185298046038007,
  "vpt_step": 2,
  "vpt_time": 0.1,
  "vpt_lyapunov": 0.09060000000000001,
  "spectral_error": 0.5771257329636522,
  "invariant_drift_final": null,
  "persistence_floor_relative_l2": 0.45480979577386477,
  "train_loss_history": [
    10.269899368286133,
    10.147529602050781,
    9.89652156829834,
    9.502248764038086,
    9.029961585998535
  ]
}
