{
  "n_seeds": 5,
  "seeds": [
    0,
    1,
    2,
    3,
    4
  ],
  "val": {
    "mse_norm": {
      "mean": 0.09202903243255386,
      "std": 0.001322712060889272,
      "min": 0.08988642125266166,
      "max": 0.09342772707197068,
      "n_seeds": 5,
      "ci95_half_width": 0.0016423639459961139,
      "ci95_low": 0.09038666848655776,
      "ci95_high": 0.09367139637854997
    },
    "mae_raw": {
      "mean": 0.22427736374578972,
      "std": 0.0020421869352548173,
      "min": 0.22165001740581108,
      "max": 0.22727795478544738,
      "n_seeds": 5,
      "ci95_half_width": 0.002535709995107988,
      "ci95_low": 0.22174165375068172,
      "ci95_high": 0.2268130737408977
    },
    "rmse_raw": {
      "mean": 0.27605448029242713,
      "std": 0.0019892422790473703,
      "min": 0.27282768451777234,
      "max": 0.27815014073032374,
      "n_seeds": 5,
      "ci95_half_width": 0.0024699705215979256,
      "ci95_low": 0.2735845097708292,
      "ci95_high": 0.27852445081402505
    },
    "r2_raw": {
      "mean": -0.47520462885563025,
      "std": 0.021202775942440345,
      "min": -0.4976253883907851,
      "max": -0.44085905499847544,
      "n_seeds": 5,
      "ci95_half_width": 0.02632672354970906,
      "ci95_low": -0.5015313524053393,
      "ci95_high": -0.4488779053059212
    },
    "delta_mae_raw": {
      "mean": 0.22427736374578972,
      "std": 0.0020421869352548173,
      "min": 0.22165001740581108,
      "max": 0.22727795478544738,
      "n_seeds": 5,
      "ci95_half_width": 0.002535709995107988,
      "ci95_low": 0.22174165375068172,
      "ci95_high": 0.2268130737408977
    },
    "delta_rmse_raw": {
      "mean": 0.27605448029242713,
      "std": 0.0019892422790473703,
      "min": 0.27282768451777234,
      "max": 0.27815014073032374,
      "n_seeds": 5,
      "ci95_half_width": 0.0024699705215979256,
      "ci95_low": 0.2735845097708292,
      "ci95_high": 0.27852445081402505
    },
    "delta_r2_raw": {
      "mean": -0.9683540428598569,
      "std": 0.028290698747691155,
      "min": -0.9982698876259117,
      "max": -0.922527011251018,
      "n_seeds": 5,
      "ci95_half_width": 0.035127542119036424,
      "ci95_low": -1.0034815849788934,
      "ci95_high": -0.9332265007408205
    }
  },
  "test": {
    "mse_norm": {
      "mean": 0.1069206391939703,
      "std": 0.004795309614659398,
      "min": 0.09976811924303855,
      "max": 0.11240489867694677,
      "n_seeds": 5,
      "ci95_half_width": 0.00595416330876294,
      "ci95_low": 0.10096647588520735,
      "ci95_high": 0.11287480250273324
    },
    "mae_raw": {
      "mean": 0.26863249504734094,
      "std": 0.006406172299928833,
      "min": 0.25898756698823305,
      "max": 0.27586830814119795,
      "n_seeds": 5,
      "ci95_half_width": 0.007954313511111838,
      "ci95_low": 0.2606781815362291,
      "ci95_high": 0.27658680855845275
    },
    "rmse_raw": {
      "mean": 0.2974978587251301,
      "std": 0.006708704279637656,
      "min": 0.28743343498131907,
      "max": 0.30509424215212516,
      "n_seeds": 5,
      "ci95_half_width": 0.008329956578621596,
      "ci95_low": 0.2891679021465085,
      "ci95_high": 0.30582781530375175
    },
    "r2_raw": {
      "mean": -0.014432178793294925,
      "std": 0.04549651420959415,
      "min": -0.06646525059611785,
      "max": 0.05342886704765992,
      "n_seeds": 5,
      "ci95_half_width": 0.05649138373781904,
      "ci95_low": -0.07092356253111397,
      "ci95_high": 0.042059204944524115
    },
    "delta_mae_raw": {
      "mean": 0.26863249504734094,
      "std": 0.006406172299928833,
      "min": 0.25898756698823305,
      "max": 0.27586830814119795,
      "n_seeds": 5,
      "ci95_half_width": 0.007954313511111838,
      "ci95_low": 0.2606781815362291,
      "ci95_high": 0.27658680855845275
    },
    "delta_rmse_raw": {
      "mean": 0.2974978587251301,
      "std": 0.006708704279637656,
      "min": 0.28743343498131907,
      "max": 0.30509424215212516,
      "n_seeds": 5,
      "ci95_half_width": 0.008329956578621596,
      "ci95_low": 0.2891679021465085,
      "ci95_high": 0.30582781530375175
    },
    "delta_r2_raw": {
      "mean": -3.0724600073009705,
      "std": 0.18264674412297657,
      "min": -3.2813479038048863,
      "max": -2.8000303653611325,
      "n_seeds": 5,
      "ci95_half_width": 0.22678588656663493,
      "ci95_low": -3.2992458938676053,
      "ci95_high": -2.8456741207343357
    }
  }
}
