{
  "best_epoch": 1,
  "delta_scale_learned": 0.09923617541790009,
  "val": {
    "mse_norm": 0.08283606295663348,
    "mae_raw": 0.21733243826188536,
    "rmse_raw": 0.2619094189493539,
    "r2_raw": -0.3278434020194658,
    "delta_mae_raw": 0.21733243826188536,
    "delta_rmse_raw": 0.2619094189493539,
    "delta_r2_raw": -0.7717311059939647
  },
  "test": {
    "mse_norm": 0.09413040035202648,
    "mae_raw": 0.25366847088639155,
    "rmse_raw": 0.27919416994542184,
    "r2_raw": 0.10691791744192669,
    "delta_mae_raw": 0.25366847088639155,
    "delta_rmse_raw": 0.27919416994542184,
    "delta_r2_raw": -2.585297411189394
  }
}
