{
  "best_epoch": 250,
  "delta_scale_learned": 0.24767625331878662,
  "val": {
    "mse_norm": 0.047498380172768674,
    "mae_raw": 0.16245280345803811,
    "rmse_raw": 0.19832652021620742,
    "r2_raw": 0.23861168109785869,
    "delta_mae_raw": 0.16245280345803811,
    "delta_rmse_raw": 0.19832652021620742,
    "delta_r2_raw": -0.01591450188160115
  },
  "test": {
    "mse_norm": 0.06570895856594196,
    "mae_raw": 0.20532886270066378,
    "rmse_raw": 0.23326720427110306,
    "r2_raw": 0.3765723577151423,
    "delta_mae_raw": 0.20532886270066378,
    "delta_rmse_raw": 0.23326720427110306,
    "delta_r2_raw": -1.5027638059264996
  }
}
