{
  "best_epoch": 1,
  "val": {
    "mse_norm": 0.08484919733449035,
    "mae_raw": 0.21719965675943773,
    "rmse_raw": 0.265072858498737,
    "r2_raw": -0.3601134919489606,
    "delta_mae_raw": 0.21719965675943773,
    "delta_rmse_raw": 0.265072858498737,
    "delta_r2_raw": -0.814788835568367
  },
  "test": {
    "mse_norm": 0.10060220843588372,
    "mae_raw": 0.26124560443448347,
    "rmse_raw": 0.288632445864555,
    "r2_raw": 0.045515269415019155,
    "delta_mae_raw": 0.26124560443448347,
    "delta_rmse_raw": 0.288632445864555,
    "delta_r2_raw": -2.8317996748788348
  }
}
