{
  "best_epoch": 1,
  "val": {
    "mse_norm": 0.00022102231576106378,
    "mae_raw": 0.04324468414891849,
    "rmse_raw": 0.05649391329683012,
    "r2_raw": 0.9655723702672946
  },
  "test": {
    "mse_norm": 0.0003456765226668002,
    "mae_raw": 0.060421906376993934,
    "rmse_raw": 0.07065103670370729,
    "r2_raw": 0.9629043269863861
  }
}
