{
  "best_epoch": 1,
  "val": {
    "mse_norm": 0.00022058739687813578,
    "mae_raw": 0.04318151704289693,
    "rmse_raw": 0.05643830269347473,
    "r2_raw": 0.9656401155816701
  },
  "test": {
    "mse_norm": 0.00034652523843745514,
    "mae_raw": 0.06045109033584594,
    "rmse_raw": 0.07073771584548691,
    "r2_raw": 0.9628132485340029
  }
}
