{
  "best_epoch": 1,
  "delta_scale_learned": 0.09951307624578476,
  "val": {
    "mse_norm": 0.3186579249594341,
    "mae_raw": 0.4297835820502247,
    "rmse_raw": 0.5136931259603416,
    "r2_raw": -29.807317810555336,
    "delta_mae_raw": 0.4297835820502247,
    "delta_rmse_raw": 0.5136931259603416,
    "delta_r2_raw": -1.7336646898476888
  },
  "test": {
    "mse_norm": 0.42141934117023644,
    "mae_raw": 0.5638993804409819,
    "rmse_raw": 0.5907430544856813,
    "r2_raw": -9.605392772073907,
    "delta_mae_raw": 0.5638993804409819,
    "delta_rmse_raw": 0.5907430544856813,
    "delta_r2_raw": -9.857731842356234
  }
}
