{
  "best_epoch": 30,
  "val": {
    "mse_norm": 0.08485908121966733,
    "mae_raw": 0.21558266710293922,
    "rmse_raw": 0.265088296908797,
    "r2_raw": -0.3602719283986191,
    "delta_mae_raw": 0.21558266710293922,
    "delta_rmse_raw": 0.265088296908797,
    "delta_r2_raw": -0.8150002360887569
  },
  "test": {
    "mse_norm": 0.09270521877294949,
    "mae_raw": 0.24659486693395694,
    "rmse_raw": 0.2770725386354257,
    "r2_raw": 0.12043962910899131,
    "delta_mae_raw": 0.24659486693395694,
    "delta_rmse_raw": 0.2770725386354257,
    "delta_r2_raw": -2.5310142061161094
  }
}
