{
  "family": "qcpinn",
  "ode": "logistic",
  "seed": 2,
  "steps": 1500,
  "lr": 0.02,
  "n_colloc": 60,
  "pqc_params": 15,
  "classical_params": 706,
  "config_str": "n=5, L=1, Cascade",
  "final_loss": 6.341985135804862e-05,
  "mae": 0.0013332634698599577,
  "rmse": 0.0022287978790700436
}
