{
  "best_epoch": 1,
  "delta_scale_learned": 0.10015957802534103,
  "val": {
    "mse_norm": 0.08713736992018689,
    "mae_raw": 0.21955808034068652,
    "rmse_raw": 0.2686232604055478,
    "r2_raw": -0.39679238230363123,
    "delta_mae_raw": 0.21955808034068652,
    "delta_rmse_raw": 0.2686232604055478,
    "delta_r2_raw": -0.8637291932008095
  },
  "test": {
    "mse_norm": 0.10777346517578844,
    "mae_raw": 0.2703139225194152,
    "rmse_raw": 0.2987427095546774,
    "r2_raw": -0.022523545674274503,
    "delta_mae_raw": 0.2703139225194152,
    "delta_rmse_raw": 0.2987427095546774,
    "delta_r2_raw": -3.104942975325886
  }
}
