{
  "best_epoch": 5,
  "val": {
    "mse_norm": 0.012194238480298901,
    "mae_raw": 0.07863469352776353,
    "rmse_raw": 0.10048904858508473,
    "r2_raw": 0.8910715644551285,
    "delta_mae_raw": 0.07863469352776353,
    "delta_rmse_raw": 0.10048904858508473,
    "delta_r2_raw": -0.4955750337245848
  },
  "test": {
    "mse_norm": 0.015293766054525598,
    "mae_raw": 0.09548541093981541,
    "rmse_raw": 0.11253784994281986,
    "r2_raw": 0.9058796805317065,
    "delta_mae_raw": 0.09548541093981541,
    "delta_rmse_raw": 0.11253784994281986,
    "delta_r2_raw": -0.9414591922006683
  }
}
