{
  "best_epoch": 1,
  "delta_scale_learned": 0.10119465738534927,
  "val": {
    "mse_norm": 0.31336540079750425,
    "mae_raw": 0.42961427959902526,
    "rmse_raw": 0.5094093524862036,
    "r2_raw": -29.295645383461697,
    "delta_mae_raw": 0.42961427959902526,
    "delta_rmse_raw": 0.5094093524862036,
    "delta_r2_raw": -1.6882618133195897
  },
  "test": {
    "mse_norm": 0.4075932210653596,
    "mae_raw": 0.5530068458251233,
    "rmse_raw": 0.5809715538339413,
    "r2_raw": -9.257446154771277,
    "delta_mae_raw": 0.5530068458251233,
    "delta_rmse_raw": 0.5809715538339413,
    "delta_r2_raw": -9.501506368456306
  }
}
