{
  "family": "te_qpinn_qnn",
  "ode": "expdecay",
  "seed": 0,
  "steps": 2000,
  "lr": 0.02,
  "n_colloc": 60,
  "pqc_params": 84,
  "classical_params": 0,
  "config_str": "n=4, L_var=5, K_embed=3",
  "final_loss": 0.039061516523361206,
  "mae": 0.058276187628507614,
  "rmse": 0.07447920739650726
}
