{
  "system": "lorenz",
  "family": "plain_neuralode",
  "seed": 2,
  "n_train_points": 560,
  "n_test_points": 240,
  "trainable_params": 58,
  "sampled_dt": 0.05,
  "rollout_steps": 200,
  "dt_step": 0.05,
  "relative_l2": 1.2481350660671902,
  "vpt_step": 2,
  "vpt_time": 0.1,
  "vpt_lyapunov": 0.09060000000000001,
  "spectral_error": 1.5736805958892994,
  "invariant_drift_final": null,
  "persistence_floor_relative_l2": 0.45480979577386477,
  "train_loss_history": [
    10.268102645874023,
    10.146544456481934,
    9.947559356689453,
    9.657500267028809,
    9.27424430847168
  ]
}
