{
  "best_epoch": 1,
  "val": {
    "mse_norm": 0.0003098286467459415,
    "mae_raw": 0.05077470662918955,
    "rmse_raw": 0.06688741031772268,
    "r2_raw": 0.9517394164746439
  },
  "test": {
    "mse_norm": 0.00040927143963341155,
    "mae_raw": 0.06517158843750177,
    "rmse_raw": 0.07687574122118408,
    "r2_raw": 0.9560797494104444
  }
}
