{
  "system": "lotka_volterra",
  "family": "brickwall",
  "n_seeds": 3,
  "seeds": [
    0,
    1,
    2
  ],
  "trainable_params": 39,
  "n_train_points": 560,
  "n_test_points": 240,
  "rollout_steps": 200,
  "sampled_dt": 0.1,
  "metrics": {
    "relative_l2": {
      "mean": 0.6472005814063987,
      "std": 0.2827145268021361,
      "min": 0.32717893007410415,
      "max": 0.8630424976392652,
      "n_seeds": 3,
      "ci95_half_width": 0.7023585009824922,
      "ci95_low": -0.055157919576093506,
      "ci95_high": 1.349559082388891
    },
    "vpt_time": {
      "mean": 1.866666666666667,
      "std": 0.20816659994661324,
      "min": 1.7000000000000002,
      "max": 2.1,
      "n_seeds": 3,
      "ci95_half_width": 0.5171562379440514,
      "ci95_low": 1.3495104287226156,
      "ci95_high": 2.383822904610718
    },
    "spectral_error": {
      "mean": 0.398373679265891,
      "std": 0.2042643350191757,
      "min": 0.24170941102298754,
      "max": 0.6294020767756875,
      "n_seeds": 3,
      "ci95_half_width": 0.5074616920858198,
      "ci95_low": -0.1090880128199288,
      "ci95_high": 0.9058353713517109
    },
    "persistence_floor_relative_l2": {
      "mean": 0.883761658403501,
      "std": 1.3597399555105182e-16,
      "min": 0.8837616584035011,
      "max": 0.8837616584035011,
      "n_seeds": 3,
      "ci95_half_width": 3.378053924858142e-16,
      "ci95_low": 0.8837616584035006,
      "ci95_high": 0.8837616584035013
    },
    "invariant_drift_final": {
      "mean": 0.3994813405397955,
      "std": 0.18666801852337522,
      "min": 0.2586256036918835,
      "max": 0.6112056887048157,
      "n_seeds": 3,
      "ci95_half_width": 0.4637464906895591,
      "ci95_low": -0.06426515014976358,
      "ci95_high": 0.8632278312293546
    }
  }
}
