{
  "system": "van_der_pol",
  "family": "non_liquid_brickwall",
  "n_seeds": 3,
  "seeds": [
    0,
    1,
    2
  ],
  "trainable_params": 36,
  "n_train_points": 560,
  "n_test_points": 240,
  "rollout_steps": 200,
  "sampled_dt": 0.1,
  "metrics": {
    "relative_l2": {
      "mean": 4.435050659393643,
      "std": 2.448406872378663,
      "min": 1.6571010278796687,
      "max": 6.278935462169595,
      "n_seeds": 3,
      "ci95_half_width": 6.082670742570829,
      "ci95_low": -1.647620083177186,
      "ci95_high": 10.517721401964472
    },
    "vpt_time": {
      "mean": 1.2000000000000002,
      "std": 0.5567764362830022,
      "min": 0.6000000000000001,
      "max": 1.7000000000000002,
      "n_seeds": 3,
      "ci95_half_width": 1.3832209741517563,
      "ci95_low": -0.1832209741517561,
      "ci95_high": 2.5832209741517564
    },
    "spectral_error": {
      "mean": 60.18201201933753,
      "std": 55.48146519446147,
      "min": 1.839333451765109,
      "max": 112.27259809037515,
      "n_seeds": 3,
      "ci95_half_width": 137.83472383634106,
      "ci95_low": -77.65271181700354,
      "ci95_high": 198.01673585567858
    },
    "persistence_floor_relative_l2": {
      "mean": 1.34648773242043,
      "std": 0.0,
      "min": 1.34648773242043,
      "max": 1.34648773242043,
      "n_seeds": 3,
      "ci95_half_width": 0.0,
      "ci95_low": 1.34648773242043,
      "ci95_high": 1.34648773242043
    }
  }
}
