{
  "system": "van_der_pol",
  "family": "skyline",
  "n_seeds": 3,
  "seeds": [
    0,
    1,
    2
  ],
  "trainable_params": 3,
  "n_train_points": 560,
  "n_test_points": 240,
  "rollout_steps": 200,
  "sampled_dt": 0.1,
  "metrics": {
    "relative_l2": {
      "mean": 0.9623761922736079,
      "std": 1.3597399555105182e-16,
      "min": 0.9623761922736078,
      "max": 0.9623761922736078,
      "n_seeds": 3,
      "ci95_half_width": 3.378053924858142e-16,
      "ci95_low": 0.9623761922736076,
      "ci95_high": 0.9623761922736083
    },
    "vpt_time": {
      "mean": 2.9000000000000004,
      "std": 0.0,
      "min": 2.9000000000000004,
      "max": 2.9000000000000004,
      "n_seeds": 3,
      "ci95_half_width": 0.0,
      "ci95_low": 2.9000000000000004,
      "ci95_high": 2.9000000000000004
    },
    "spectral_error": {
      "mean": 0.29732872199472976,
      "std": 0.0,
      "min": 0.29732872199472976,
      "max": 0.29732872199472976,
      "n_seeds": 3,
      "ci95_half_width": 0.0,
      "ci95_low": 0.29732872199472976,
      "ci95_high": 0.29732872199472976
    },
    "persistence_floor_relative_l2": {
      "mean": 1.34648773242043,
      "std": 0.0,
      "min": 1.34648773242043,
      "max": 1.34648773242043,
      "n_seeds": 3,
      "ci95_half_width": 0.0,
      "ci95_low": 1.34648773242043,
      "ci95_high": 1.34648773242043
    }
  }
}
