{
  "best_epoch": 1,
  "delta_scale_learned": 0.10019280016422272,
  "val": {
    "mse_norm": 0.09605723367331608,
    "mae_raw": 0.2284231044273627,
    "rmse_raw": 0.2820372230838919,
    "r2_raw": -0.5397757860139918,
    "delta_mae_raw": 0.2284231044273627,
    "delta_rmse_raw": 0.2820372230838919,
    "delta_r2_raw": -1.0545108347778673
  },
  "test": {
    "mse_norm": 0.1082252650519574,
    "mae_raw": 0.2704861925353465,
    "rmse_raw": 0.29936823811073526,
    "r2_raw": -0.026810092558166465,
    "delta_mae_raw": 0.2704861925353465,
    "delta_rmse_raw": 0.29936823811073526,
    "delta_r2_raw": -3.1221514108615533
  }
}
