{
  "family": "te_qpinn_fnn",
  "system": "lorenz",
  "regime": "broadband_multiscale",
  "dim": 3,
  "n_seeds": 3,
  "seeds": [
    0,
    1,
    2
  ],
  "pqc_params": 180,
  "classical_params": 300,
  "config_str": "per-component: n=4, L=5, H_fnn=16; dim=3",
  "steps": 1500,
  "metrics": {
    "mae": {
      "mean": 13.942821746447239,
      "std": 0.00476233538590962,
      "min": 13.937373578593354,
      "max": 13.946192312086842,
      "n_seeds": 3,
      "ci95_half_width": 0.011831251760063735,
      "ci95_low": 13.930990494687174,
      "ci95_high": 13.954652998207303
    },
    "relative_l2": {
      "mean": 0.9947761773059347,
      "std": 0.0001909830137241488,
      "min": 0.9946124022324276,
      "max": 0.9949859624795095,
      "n_seeds": 3,
      "ci95_half_width": 0.00047446639813557105,
      "ci95_low": 0.9943017109077992,
      "ci95_high": 0.9952506437040702
    },
    "final_loss": {
      "mean": 8.879997571309408,
      "std": 0.3638338915039751,
      "min": 8.502640724182129,
      "max": 9.228602409362793,
      "n_seeds": 3,
      "ci95_half_width": 0.9038864381461557,
      "ci95_low": 7.976111133163252,
      "ci95_high": 9.783884009455564
    }
  }
}
