{
  "n_seeds": 5,
  "seeds": [
    0,
    1,
    2,
    3,
    4
  ],
  "val": {
    "mse_norm": {
      "mean": 0.08549524032927053,
      "std": 0.0053010089515698675,
      "min": 0.07740531067701707,
      "max": 0.0922820573297135,
      "n_seeds": 5,
      "ci95_half_width": 0.006582071969320186,
      "ci95_low": 0.07891316835995034,
      "ci95_high": 0.09207731229859072
    },
    "mae_raw": {
      "mean": 0.21650032495511207,
      "std": 0.00609245958634409,
      "min": 0.20688389644811025,
      "max": 0.22368031473536237,
      "n_seeds": 5,
      "ci95_half_width": 0.0075647877288748545,
      "ci95_low": 0.2089355372262372,
      "ci95_high": 0.22406511268398693
    },
    "rmse_raw": {
      "mean": 0.2659763792618769,
      "std": 0.008304681767767889,
      "min": 0.2531784701976806,
      "max": 0.2764394539039891,
      "n_seeds": 5,
      "ci95_half_width": 0.01031162436757658,
      "ci95_low": 0.2556647548943003,
      "ci95_high": 0.2762880036294535
    },
    "r2_raw": {
      "mean": -0.3704694154129817,
      "std": 0.08497397762702937,
      "min": -0.47926056087663826,
      "max": -0.24078966811294245,
      "n_seeds": 5,
      "ci95_half_width": 0.10550912880365448,
      "ci95_low": -0.47597854421663616,
      "ci95_high": -0.2649602866093272
    },
    "delta_mae_raw": {
      "mean": 0.21650032495511207,
      "std": 0.00609245958634409,
      "min": 0.20688389644811025,
      "max": 0.22368031473536237,
      "n_seeds": 5,
      "ci95_half_width": 0.0075647877288748545,
      "ci95_low": 0.2089355372262372,
      "ci95_high": 0.22406511268398693
    },
    "delta_rmse_raw": {
      "mean": 0.2659763792618769,
      "std": 0.008304681767767889,
      "min": 0.2531784701976806,
      "max": 0.2764394539039891,
      "n_seeds": 5,
      "ci95_half_width": 0.01031162436757658,
      "ci95_low": 0.2556647548943003,
      "ci95_high": 0.2762880036294535
    },
    "delta_r2_raw": {
      "mean": -0.8286066635626878,
      "std": 0.11338011630955565,
      "min": -0.9737658413554384,
      "max": -0.6555759870842064,
      "n_seeds": 5,
      "ci95_half_width": 0.14078000853373068,
      "ci95_low": -0.9693866720964184,
      "ci95_high": -0.6878266550289571
    }
  },
  "test": {
    "mse_norm": {
      "mean": 0.10453658450487253,
      "std": 0.006680198451483924,
      "min": 0.0959980040158305,
      "max": 0.11357019330819505,
      "n_seeds": 5,
      "ci95_half_width": 0.008294561918064122,
      "ci95_low": 0.09624202258680842,
      "ci95_high": 0.11283114642293665
    },
    "mae_raw": {
      "mean": 0.26606447852497367,
      "std": 0.008461076511185418,
      "min": 0.25532614388936,
      "max": 0.2777720728726453,
      "n_seeds": 5,
      "ci95_half_width": 0.010505814089986442,
      "ci95_low": 0.2555586644349872,
      "ci95_high": 0.27657029261496013
    },
    "rmse_raw": {
      "mean": 0.2941020954237622,
      "std": 0.009401003658995329,
      "min": 0.2819502564735652,
      "max": 0.3066716111388798,
      "n_seeds": 5,
      "ci95_half_width": 0.011672887790356355,
      "ci95_low": 0.28242920763340584,
      "ci95_high": 0.30577498321411856
    },
    "r2_raw": {
      "mean": 0.008187044313259673,
      "std": 0.06337979571574238,
      "min": -0.07752122987780563,
      "max": 0.08919863267074224,
      "n_seeds": 5,
      "ci95_half_width": 0.07869641055374649,
      "ci95_low": -0.07050936624048681,
      "ci95_high": 0.08688345486700616
    },
    "delta_mae_raw": {
      "mean": 0.26606447852497367,
      "std": 0.008461076511185418,
      "min": 0.25532614388936,
      "max": 0.2777720728726453,
      "n_seeds": 5,
      "ci95_half_width": 0.010505814089986442,
      "ci95_low": 0.2555586644349872,
      "ci95_high": 0.27657029261496013
    },
    "delta_rmse_raw": {
      "mean": 0.2941020954237622,
      "std": 0.009401003658995329,
      "min": 0.2819502564735652,
      "max": 0.3066716111388798,
      "n_seeds": 5,
      "ci95_half_width": 0.011672887790356355,
      "ci95_low": 0.28242920763340584,
      "ci95_high": 0.30577498321411856
    },
    "delta_r2_raw": {
      "mean": -2.981654645027036,
      "std": 0.25443956601445733,
      "min": -3.3257323726806476,
      "max": -2.6564318646276357,
      "n_seeds": 5,
      "ci95_half_width": 0.31592844883874166,
      "ci95_low": -3.2975830938657777,
      "ci95_high": -2.6657261961882943
    }
  }
}
