{
  "best_epoch": 5,
  "val": {
    "mse_norm": 0.08380103336434885,
    "mae_raw": 0.21299002708573084,
    "rmse_raw": 0.2634305140431102,
    "r2_raw": -0.3433116599652799,
    "delta_mae_raw": 0.21299002708573084,
    "delta_rmse_raw": 0.2634305140431102,
    "delta_r2_raw": -0.7923702820567871
  },
  "test": {
    "mse_norm": 0.12057145075215443,
    "mae_raw": 0.2881389050416543,
    "rmse_raw": 0.3159829399949609,
    "r2_raw": -0.14394714069081394,
    "delta_mae_raw": 0.2881389050416543,
    "delta_rmse_raw": 0.3159829399949609,
    "delta_r2_raw": -3.5924006338908816
  }
}
