{
  "best_epoch": 1,
  "delta_scale_learned": 0.09901066869497299,
  "val": {
    "mse_norm": 0.009924066150675547,
    "mae_raw": 0.07029957569458269,
    "rmse_raw": 0.09065384260677767,
    "r2_raw": 0.9113505118188894
  },
  "test": {
    "mse_norm": 0.012387105729003266,
    "mae_raw": 0.08319252199904863,
    "rmse_raw": 0.10128061144260335,
    "r2_raw": 0.9237677401141938
  }
}
