{
  "best_epoch": 1,
  "val": {
    "mse_norm": 0.08651402525413887,
    "mae_raw": 0.21842991930873779,
    "rmse_raw": 0.2676607261309593,
    "r2_raw": -0.3868003079286191,
    "delta_mae_raw": 0.21842991930873779,
    "delta_rmse_raw": 0.2676607261309593,
    "delta_r2_raw": -0.8503968462111795
  },
  "test": {
    "mse_norm": 0.10359747486967788,
    "mae_raw": 0.2647745835948997,
    "rmse_raw": 0.2928977107107193,
    "r2_raw": 0.0170970456052274,
    "delta_mae_raw": 0.2647745835948997,
    "delta_rmse_raw": 0.2928977107107193,
    "delta_r2_raw": -2.9458852513848686
  }
}
