{
  "best_epoch": 5,
  "val": {
    "mse_norm": 0.08227739043744495,
    "mae_raw": 0.2119899529218674,
    "rmse_raw": 0.26102472492323053,
    "r2_raw": -0.31888800756907565,
    "delta_mae_raw": 0.2119899529218674,
    "delta_rmse_raw": 0.26102472492323053,
    "delta_r2_raw": -0.759781992950912
  },
  "test": {
    "mse_norm": 0.09779308470607267,
    "mae_raw": 0.2567000045239085,
    "rmse_raw": 0.2845741615907859,
    "r2_raw": 0.07216742495032624,
    "delta_mae_raw": 0.2567000045239085,
    "delta_rmse_raw": 0.2845741615907859,
    "delta_r2_raw": -2.724804017805914
  }
}
