{
  "system": "van_der_pol",
  "family": "classical_ltc",
  "n_seeds": 3,
  "seeds": [
    0,
    1,
    2
  ],
  "trainable_params": 51,
  "n_train_points": 560,
  "n_test_points": 240,
  "rollout_steps": 200,
  "sampled_dt": 0.1,
  "metrics": {
    "relative_l2": {
      "mean": 1.2652068497042368,
      "std": 0.0846445206047974,
      "min": 1.2162786381422466,
      "max": 1.362945899725571,
      "n_seeds": 3,
      "ci95_half_width": 0.2102856166636782,
      "ci95_low": 1.0549212330405586,
      "ci95_high": 1.475492466367915
    },
    "vpt_time": {
      "mean": 0.26666666666666666,
      "std": 0.1527525231651947,
      "min": 0.1,
      "max": 0.4,
      "n_seeds": 3,
      "ci95_half_width": 0.3794889297170312,
      "ci95_low": -0.11282226305036452,
      "ci95_high": 0.6461555963836978
    },
    "spectral_error": {
      "mean": 1.6188087254121593,
      "std": 0.9218462491172126,
      "min": 1.0393805138313226,
      "max": 2.6818259527077535,
      "n_seeds": 3,
      "ci95_half_width": 2.290177858881097,
      "ci95_low": -0.6713691334689376,
      "ci95_high": 3.908986584293256
    },
    "persistence_floor_relative_l2": {
      "mean": 1.34648773242043,
      "std": 0.0,
      "min": 1.34648773242043,
      "max": 1.34648773242043,
      "n_seeds": 3,
      "ci95_half_width": 0.0,
      "ci95_low": 1.34648773242043,
      "ci95_high": 1.34648773242043
    }
  }
}
