{
  "system": "lorenz",
  "family": "plain_neuralode",
  "seed": 1,
  "n_train_points": 560,
  "n_test_points": 240,
  "trainable_params": 58,
  "sampled_dt": 0.05,
  "rollout_steps": 200,
  "dt_step": 0.05,
  "relative_l2": 0.757634407536478,
  "vpt_step": 3,
  "vpt_time": 0.15000000000000002,
  "vpt_lyapunov": 0.13590000000000002,
  "spectral_error": 0.8073115912994618,
  "invariant_drift_final": null,
  "persistence_floor_relative_l2": 0.45480979577386477,
  "train_loss_history": [
    10.253474235534668,
    10.053757667541504,
    9.780862808227539,
    9.534363746643066,
    9.241963386535645
  ]
}
