{
  "system": "van_der_pol",
  "family": "brickwall",
  "n_seeds": 3,
  "seeds": [
    0,
    1,
    2
  ],
  "trainable_params": 39,
  "n_train_points": 560,
  "n_test_points": 240,
  "rollout_steps": 200,
  "sampled_dt": 0.1,
  "metrics": {
    "relative_l2": {
      "mean": 8.26832487727981,
      "std": 3.694171853800532,
      "min": 4.0914427020882735,
      "max": 11.106530698867164,
      "n_seeds": 3,
      "ci95_half_width": 9.17757228450792,
      "ci95_low": -0.9092474072281114,
      "ci95_high": 17.44589716178773
    },
    "vpt_time": {
      "mean": 1.2333333333333334,
      "std": 1.0969655114602888,
      "min": 0.6000000000000001,
      "max": 2.5,
      "n_seeds": 3,
      "ci95_half_width": 2.7252333333333327,
      "ci95_low": -1.4918999999999993,
      "ci95_high": 3.958566666666666
    },
    "spectral_error": {
      "mean": 183.9349475889592,
      "std": 137.7180158228072,
      "min": 25.413144109216326,
      "max": 274.12197619603785,
      "n_seeds": 3,
      "ci95_half_width": 342.1381286830258,
      "ci95_low": -158.2031810940666,
      "ci95_high": 526.073076271985
    },
    "persistence_floor_relative_l2": {
      "mean": 1.34648773242043,
      "std": 0.0,
      "min": 1.34648773242043,
      "max": 1.34648773242043,
      "n_seeds": 3,
      "ci95_half_width": 0.0,
      "ci95_low": 1.34648773242043,
      "ci95_high": 1.34648773242043
    }
  }
}
