{
  "best_epoch": 1,
  "delta_scale_learned": 0.09980756044387817,
  "val": {
    "mse_norm": 0.08863193834420825,
    "mae_raw": 0.2211280893965771,
    "rmse_raw": 0.2709171610342151,
    "r2_raw": -0.4207499769776122,
    "delta_mae_raw": 0.2211280893965771,
    "delta_rmse_raw": 0.2709171610342151,
    "delta_r2_raw": -0.8956956251190105
  },
  "test": {
    "mse_norm": 0.10963726615890068,
    "mae_raw": 0.2727392826617603,
    "rmse_raw": 0.3013148189289495,
    "r2_raw": -0.04020675170810373,
    "delta_mae_raw": 0.2727392826617603,
    "delta_rmse_raw": 0.3013148189289495,
    "delta_r2_raw": -3.1759325898896673
  }
}
