{
  "family": "qcpinn",
  "ode": "expdecay",
  "seed": 0,
  "steps": 1500,
  "lr": 0.02,
  "n_colloc": 60,
  "pqc_params": 15,
  "classical_params": 706,
  "config_str": "n=5, L=1, Cascade",
  "final_loss": 4.151804205321241e-06,
  "mae": 0.00021329238370526582,
  "rmse": 0.00025470159016549587
}
