{
  "family": "chebyshev_dqc",
  "system": "lotka_volterra",
  "seed": 0,
  "dim": 2,
  "regime": "smooth_periodic",
  "steps": 1200,
  "lr": 0.02,
  "n_colloc": 60,
  "pqc_params": 120,
  "classical_params": 0,
  "per_component_pqc_params": 60,
  "config_str": "per-component: n=4, L=5; dim=2",
  "final_loss": 0.07693096995353699,
  "mae": 0.29024300638744605,
  "mae_per_component": [
    0.40605549630881344,
    0.17443051646607852
  ],
  "relative_l2": 0.09960528325957219
}
