{
  "n_seeds": 5,
  "seeds": [
    0,
    1,
    2,
    3,
    4
  ],
  "val": {
    "mse_norm": {
      "mean": 0.07338300015216707,
      "std": 0.014722026133550179,
      "min": 0.047498380172768674,
      "max": 0.08447212605379006,
      "n_seeds": 5
    },
    "mae_raw": {
      "mean": 0.19921808751947,
      "std": 0.020817357738145192,
      "min": 0.16245280345803811,
      "max": 0.21387638375947352,
      "n_seeds": 5
    },
    "rmse_raw": {
      "mean": 0.24535784234983762,
      "std": 0.026645628709081152,
      "min": 0.19832652021620742,
      "max": 0.26448320851264556,
      "n_seeds": 5
    },
    "r2_raw": {
      "mean": -0.1763129378017534,
      "std": 0.2359907577455348,
      "min": -0.35406912438370064,
      "max": 0.23861168109785869,
      "n_seeds": 5
    },
    "delta_mae_raw": {
      "mean": 0.19921808751947,
      "std": 0.020817357738145192,
      "min": 0.16245280345803811,
      "max": 0.21387638375947352,
      "n_seeds": 5
    },
    "delta_rmse_raw": {
      "mean": 0.24535784234983762,
      "std": 0.026645628709081152,
      "min": 0.19832652021620742,
      "max": 0.26448320851264556,
      "n_seeds": 5
    },
    "delta_r2_raw": {
      "mean": -0.5695451881726923,
      "std": 0.31488062943940487,
      "min": -0.80672388301813,
      "max": -0.01591450188160115,
      "n_seeds": 5
    }
  },
  "test": {
    "mse_norm": {
      "mean": 0.09372224539022098,
      "std": 0.016180895042061254,
      "min": 0.06570895856594196,
      "max": 0.10571140747428422,
      "n_seeds": 5
    },
    "mae_raw": {
      "mean": 0.2490717885997933,
      "std": 0.025002839168279986,
      "min": 0.20532886270066378,
      "max": 0.2666164197384472,
      "n_seeds": 5
    },
    "rmse_raw": {
      "mean": 0.2776537285821827,
      "std": 0.02549015525780468,
      "min": 0.23326720427110306,
      "max": 0.2958709457338701,
      "n_seeds": 5
    },
    "r2_raw": {
      "mean": 0.11079037396959948,
      "std": 0.15351966408062298,
      "min": -0.0029593370920615314,
      "max": 0.3765723577151423,
      "n_seeds": 5
    },
    "delta_mae_raw": {
      "mean": 0.2490717885997933,
      "std": 0.025002839168279986,
      "min": 0.20532886270066378,
      "max": 0.2666164197384472,
      "n_seeds": 5
    },
    "delta_rmse_raw": {
      "mean": 0.2776537285821827,
      "std": 0.02549015525780468,
      "min": 0.23326720427110306,
      "max": 0.2958709457338701,
      "n_seeds": 5
    },
    "delta_r2_raw": {
      "mean": -2.5697513503795735,
      "std": 0.6163080246984262,
      "min": -3.0264020351909506,
      "max": -1.5027638059264996,
      "n_seeds": 5
    }
  }
}
