{
  "best_epoch": 5,
  "val": {
    "mse_norm": 0.08564880238080974,
    "mae_raw": 0.21603043873059122,
    "rmse_raw": 0.26631893145540464,
    "r2_raw": -0.37293098045674355,
    "delta_mae_raw": 0.21603043873059122,
    "delta_rmse_raw": 0.26631893145540464,
    "delta_r2_raw": -0.8318911106223543
  },
  "test": {
    "mse_norm": 0.10560334056980246,
    "mae_raw": 0.2675202330401246,
    "rmse_raw": 0.2957196752430473,
    "r2_raw": -0.0019340294789071955,
    "delta_mae_raw": 0.2675202330401246,
    "delta_rmse_raw": 0.2957196752430473,
    "delta_r2_raw": -3.022285915516278
  }
}
