{
  "best_epoch": 1,
  "val": {
    "mse_norm": 0.0008368906523167453,
    "mae_raw": 0.08740936314517801,
    "rmse_raw": 0.10993043718394739,
    "r2_raw": 0.869641391614634
  },
  "test": {
    "mse_norm": 0.0006969289549304252,
    "mae_raw": 0.08167027512262036,
    "rmse_raw": 0.1003177656708688,
    "r2_raw": 0.9252102849612999
  }
}
