{
  "best_epoch": 10,
  "delta_scale_learned": 0.1016821563243866,
  "val": {
    "mse_norm": 0.0790892292923745,
    "mae_raw": 0.21229585923646618,
    "rmse_raw": 0.25591754683298934,
    "r2_raw": -0.26778250363810097,
    "delta_mae_raw": 0.21229585923646618,
    "delta_rmse_raw": 0.25591754683298934,
    "delta_r2_raw": -0.6915923172223601
  },
  "test": {
    "mse_norm": 0.09277078618470674,
    "mae_raw": 0.2515991222018926,
    "rmse_raw": 0.27717050355251655,
    "r2_raw": 0.11981754442199255,
    "delta_mae_raw": 0.2515991222018926,
    "delta_rmse_raw": 0.27717050355251655,
    "delta_r2_raw": -2.533511578598881
  }
}
