{
  "system": "lorenz",
  "model": "qcpinn",
  "regime": "broadband_multiscale",
  "n_seeds": 3,
  "seeds": [
    0,
    1,
    2
  ],
  "pqc_params": 45,
  "classical_params": 2118,
  "config_str": "per-component: n=5, L=1, Cascade; dim=3",
  "steps": 1500,
  "metrics": {
    "mae": {
      "mean": 12.731373558624751,
      "std": 2.783411360557591,
      "min": 9.51736746222535,
      "max": 14.33992944669967,
      "n_seeds": 3,
      "ci95_half_width": 6.9149351925134175,
      "ci95_low": 5.816438366111334,
      "ci95_high": 19.646308751138168
    },
    "relative_l2": {
      "mean": 0.921491498589655,
      "std": 0.13055023664569315,
      "min": 0.7707451684981617,
      "max": 0.9970138655334991,
      "n_seeds": 3,
      "ci95_half_width": 0.3243309410044997,
      "ci95_low": 0.5971605575851553,
      "ci95_high": 1.2458224395941546
    },
    "final_loss": {
      "mean": 14.85753059387207,
      "std": 17.66812241874353,
      "min": 4.433715343475342,
      "max": 35.25728225708008,
      "n_seeds": 3,
      "ci95_half_width": 43.89359159421202,
      "ci95_low": -29.03606100033995,
      "ci95_high": 58.75112218808409
    },
    "relative_l2_predict_mean_baseline": {
      "mean": 0.353793945152362,
      "std": 0.0,
      "min": 0.353793945152362,
      "max": 0.353793945152362,
      "n_seeds": 3,
      "ci95_half_width": 0.0,
      "ci95_low": 0.353793945152362,
      "ci95_high": 0.353793945152362
    }
  },
  "audit_reason": ""
}
