{
  "family": "te_qpinn_qnn",
  "system": "van_der_pol",
  "regime": "smooth_periodic",
  "dim": 2,
  "n_seeds": 3,
  "seeds": [
    0,
    1,
    2
  ],
  "pqc_params": 168,
  "classical_params": 0,
  "config_str": "per-component: n=4, L_var=5, K_embed=3; dim=2",
  "steps": 2000,
  "metrics": {
    "mae": {
      "mean": 0.9508678690909407,
      "std": 0.22653627937329948,
      "min": 0.6894561955242307,
      "max": 1.0897369506082522,
      "n_seeds": 3,
      "ci95_half_width": 0.5627927344184123,
      "ci95_low": 0.3880751346725284,
      "ci95_high": 1.513660603509353
    },
    "relative_l2": {
      "mean": 1.0436056665703681,
      "std": 0.24371257955722098,
      "min": 0.7622429372812118,
      "max": 1.188986218341722,
      "n_seeds": 3,
      "ci95_half_width": 0.6054644732429532,
      "ci95_low": 0.43814119332741497,
      "ci95_high": 1.6490701398133214
    },
    "final_loss": {
      "mean": 0.19668135543664297,
      "std": 0.08251714222074098,
      "min": 0.14413802325725555,
      "max": 0.29178962111473083,
      "n_seeds": 3,
      "ci95_half_width": 0.20500048926060652,
      "ci95_low": -0.008319133823963543,
      "ci95_high": 0.4016818446972495
    }
  }
}
