{
  "family": "te_qpinn_fnn",
  "system": "lotka_volterra",
  "seed": 2,
  "dim": 2,
  "regime": "smooth_periodic",
  "steps": 1500,
  "lr": 0.02,
  "n_colloc": 60,
  "pqc_params": 120,
  "classical_params": 200,
  "per_component_pqc_params": 60,
  "config_str": "per-component: n=4, L=5, H_fnn=16; dim=2",
  "final_loss": 0.24912559986114502,
  "mae": 0.39750084894916626,
  "mae_per_component": [
    0.5458913403487302,
    0.24911035754960206
  ],
  "relative_l2": 0.14093216197923467
}
