{
  "best_epoch": 1,
  "val": {
    "mse_norm": 0.08713445685401236,
    "mae_raw": 0.21794062393276314,
    "rmse_raw": 0.26861877023173125,
    "r2_raw": -0.39674568651001874,
    "delta_mae_raw": 0.21794062393276314,
    "delta_rmse_raw": 0.26861877023173125,
    "delta_r2_raw": -0.8636668873672027
  },
  "test": {
    "mse_norm": 0.10900980885176997,
    "mae_raw": 0.2719443012291276,
    "rmse_raw": 0.300451364966363,
    "r2_raw": -0.034253617795223956,
    "delta_mae_raw": 0.2719443012291276,
    "delta_rmse_raw": 0.300451364966363,
    "delta_r2_raw": -3.1520336045408888
  }
}
