{
  "family": "qcpinn",
  "system": "lotka_volterra",
  "regime": "smooth_periodic",
  "dim": 2,
  "n_seeds": 3,
  "seeds": [
    0,
    1,
    2
  ],
  "pqc_params": 30,
  "classical_params": 1412,
  "config_str": "per-component: n=5, L=1, Cascade; dim=2",
  "steps": 1500,
  "metrics": {
    "mae": {
      "mean": 0.01572066786357904,
      "std": 0.006360848244548539,
      "min": 0.008395355448857165,
      "max": 0.019847262547698953,
      "n_seeds": 3,
      "ci95_half_width": 0.015802498331275963,
      "ci95_low": -8.183046769692434e-05,
      "ci95_high": 0.031523166194855
    },
    "relative_l2": {
      "mean": 0.005801365502430229,
      "std": 0.002485335797940057,
      "min": 0.00294084845578528,
      "max": 0.007431563261303369,
      "n_seeds": 3,
      "ci95_half_width": 0.006174414683335315,
      "ci95_low": -0.00037304918090508635,
      "ci95_high": 0.011975780185765544
    },
    "final_loss": {
      "mean": 0.0022515480522997677,
      "std": 0.0011736984041142125,
      "min": 0.0009019888821057975,
      "max": 0.0030339634977281094,
      "n_seeds": 3,
      "ci95_half_width": 0.00291586379038862,
      "ci95_low": -0.0006643157380888521,
      "ci95_high": 0.005167411842688388
    }
  }
}
