{
  "best_epoch": 1,
  "val": {
    "mse_norm": 0.09342772707197068,
    "mae_raw": 0.22462837823127446,
    "rmse_raw": 0.27815014073032374,
    "r2_raw": -0.4976253883907851,
    "delta_mae_raw": 0.22462837823127446,
    "delta_rmse_raw": 0.27815014073032374,
    "delta_r2_raw": -0.9982698876259117
  },
  "test": {
    "mse_norm": 0.11240489867694677,
    "mae_raw": 0.27586830814119795,
    "rmse_raw": 0.30509424215212516,
    "r2_raw": -0.06646525059611785,
    "delta_mae_raw": 0.27586830814119795,
    "delta_rmse_raw": 0.30509424215212516,
    "delta_r2_raw": -3.2813479038048863
  }
}
