{
  "pde": "burgers_shock",
  "model": "classical_pinn",
  "regime": "broadband_multiscale",
  "n_seeds": 3,
  "seeds": [
    0,
    1,
    2
  ],
  "pqc_params": 0,
  "classical_params": 177,
  "config_str": "MLP H=11, L=2, target\u2248120; colloc=64\u00d732; steps=2400",
  "steps": 2400,
  "metrics": {
    "mae": {
      "mean": 0.06325184712998295,
      "std": 0.019773585077712333,
      "min": 0.04319560264712334,
      "max": 0.08273009951646104,
      "n_seeds": 3,
      "ci95_half_width": 0.04912427292408547,
      "ci95_low": 0.014127574205897483,
      "ci95_high": 0.11237612005406843
    },
    "relative_l2": {
      "mean": 0.18938350891486797,
      "std": 0.07528504985668322,
      "min": 0.12698151101610022,
      "max": 0.27299950310039506,
      "n_seeds": 3,
      "ci95_half_width": 0.1870335258744571,
      "ci95_low": 0.002349983040410869,
      "ci95_high": 0.3764170347893251
    },
    "final_loss": {
      "mean": 0.01456395567705234,
      "std": 0.010276119186387328,
      "min": 0.005892264656722546,
      "max": 0.025914069265127182,
      "n_seeds": 3,
      "ci95_half_width": 0.02552935552802268,
      "ci95_low": -0.010965399850970342,
      "ci95_high": 0.04009331120507502
    },
    "bc_violation": {
      "mean": 1.674780814782161,
      "std": 0.24002205821363995,
      "min": 1.4267905719669622,
      "max": 1.9059497111090755,
      "n_seeds": 3,
      "ci95_half_width": 0.5962959700604634,
      "ci95_low": 1.0784848447216975,
      "ci95_high": 2.2710767848426245
    }
  },
  "audit_reason": "capacity-matched classical baseline"
}
