{
  "system": "van_der_pol",
  "family": "rf_qrc",
  "n_seeds": 3,
  "seeds": [
    0,
    1,
    2
  ],
  "trainable_params": 34,
  "n_train_points": 560,
  "n_test_points": 240,
  "rollout_steps": 200,
  "sampled_dt": 0.1,
  "metrics": {
    "relative_l2": {
      "mean": 2.427234411086317,
      "std": 1.578634797055931,
      "min": 1.4094505307158514,
      "max": 4.24577317470119,
      "n_seeds": 3,
      "ci95_half_width": 3.92186274331421,
      "ci95_low": -1.4946283322278933,
      "ci95_high": 6.349097154400527
    },
    "vpt_time": {
      "mean": 0.10000000000000002,
      "std": 0.1,
      "min": 0.0,
      "max": 0.2,
      "n_seeds": 3,
      "ci95_half_width": 0.24843382083229598,
      "ci95_low": -0.14843382083229595,
      "ci95_high": 0.348433820832296
    },
    "spectral_error": {
      "mean": 13.992655163681855,
      "std": 22.277622060847538,
      "min": 0.9766595841387711,
      "max": 39.71602021486547,
      "n_seeds": 3,
      "ci95_half_width": 55.345147676342016,
      "ci95_low": -41.35249251266016,
      "ci95_high": 69.33780284002387
    },
    "persistence_floor_relative_l2": {
      "mean": 1.34648773242043,
      "std": 0.0,
      "min": 1.34648773242043,
      "max": 1.34648773242043,
      "n_seeds": 3,
      "ci95_half_width": 0.0,
      "ci95_low": 1.34648773242043,
      "ci95_high": 1.34648773242043
    }
  }
}
