{
  "best_epoch": 1,
  "val": {
    "mse_norm": 0.0865946480798789,
    "mae_raw": 0.21838339404055943,
    "rmse_raw": 0.2677854142311484,
    "r2_raw": -0.3880926736373458,
    "delta_mae_raw": 0.21838339404055943,
    "delta_rmse_raw": 0.2677854142311484,
    "delta_r2_raw": -0.852121239707422
  },
  "test": {
    "mse_norm": 0.1035037823050426,
    "mae_raw": 0.2646916159105972,
    "rmse_raw": 0.29276523380826097,
    "r2_raw": 0.017985973628817598,
    "delta_mae_raw": 0.2646916159105972,
    "delta_rmse_raw": 0.29276523380826097,
    "delta_r2_raw": -2.9423166305335995
  }
}
