{
  "system": "lotka_volterra",
  "family": "hardware_efficient",
  "n_seeds": 3,
  "seeds": [
    0,
    1,
    2
  ],
  "trainable_params": 39,
  "n_train_points": 560,
  "n_test_points": 240,
  "rollout_steps": 200,
  "sampled_dt": 0.1,
  "metrics": {
    "relative_l2": {
      "mean": 0.637576376995081,
      "std": 0.08759911202793662,
      "min": 0.5368035510862522,
      "max": 0.6955280128044198,
      "n_seeds": 3,
      "ci95_half_width": 0.2176258210261663,
      "ci95_low": 0.4199505559689147,
      "ci95_high": 0.8552021980212472
    },
    "vpt_time": {
      "mean": 5.666666666666667,
      "std": 2.702468007827907,
      "min": 2.9000000000000004,
      "max": 8.3,
      "n_seeds": 3,
      "ci95_half_width": 6.713844528617301,
      "ci95_low": -1.047177861950634,
      "ci95_high": 12.380511195283969
    },
    "spectral_error": {
      "mean": 0.35949340649561884,
      "std": 0.16186217844964162,
      "min": 0.21458372788714025,
      "max": 0.5341747276754182,
      "n_seeds": 3,
      "ci95_half_width": 0.4021203944048339,
      "ci95_low": -0.04262698790921504,
      "ci95_high": 0.7616138009004527
    },
    "persistence_floor_relative_l2": {
      "mean": 0.883761658403501,
      "std": 1.3597399555105182e-16,
      "min": 0.8837616584035011,
      "max": 0.8837616584035011,
      "n_seeds": 3,
      "ci95_half_width": 3.378053924858142e-16,
      "ci95_low": 0.8837616584035006,
      "ci95_high": 0.8837616584035013
    },
    "invariant_drift_final": {
      "mean": 0.2494156395713706,
      "std": 0.06350770653991977,
      "min": 0.18384883643857133,
      "max": 0.3106415187930155,
      "n_seeds": 3,
      "ci95_half_width": 0.1577746218800846,
      "ci95_low": 0.09164101769128602,
      "ci95_high": 0.4071902614514552
    }
  }
}
