{
  "system": "lorenz",
  "family": "brickwall",
  "seed": 0,
  "n_train_points": 560,
  "n_test_points": 240,
  "trainable_params": 49,
  "sampled_dt": 0.05,
  "rollout_steps": 200,
  "dt_step": 0.05,
  "relative_l2": 1.3425440041674799,
  "vpt_step": 2,
  "vpt_time": 0.1,
  "vpt_lyapunov": 0.09060000000000001,
  "spectral_error": 0.947239097639867,
  "invariant_drift_final": null,
  "persistence_floor_relative_l2": 0.45480979577386477,
  "train_loss_history": [
    10.206275939941406,
    10.005721092224121,
    9.74716854095459,
    9.427690505981445,
    9.041351318359375
  ]
}
