{
  "best_epoch": 20,
  "delta_scale_learned": 0.10361664742231369,
  "val": {
    "mse_norm": 0.07802700372513571,
    "mae_raw": 0.211888766351499,
    "rmse_raw": 0.25419315841459006,
    "r2_raw": -0.2507552674251392,
    "delta_mae_raw": 0.211888766351499,
    "delta_rmse_raw": 0.25419315841459006,
    "delta_r2_raw": -0.6688730086037908
  },
  "test": {
    "mse_norm": 0.08983408490714785,
    "mae_raw": 0.24769802452812723,
    "rmse_raw": 0.2727482460284742,
    "r2_raw": 0.14768011892507404,
    "delta_mae_raw": 0.24769802452812723,
    "delta_rmse_raw": 0.2727482460284742,
    "delta_r2_raw": -2.421656668298994
  }
}
