{
  "family": "chebyshev_dqc",
  "ode": "expdecay",
  "n_seeds": 3,
  "seeds": [
    0,
    1,
    2
  ],
  "pqc_params": 60,
  "classical_params": 0,
  "config_str": "n=4, L=5",
  "steps": 1200,
  "metrics": {
    "mae": {
      "mean": 0.005794147805621226,
      "std": 0.0021195262157932956,
      "min": 0.003391522914171219,
      "max": 0.007399114314466715,
      "n_seeds": 3,
      "ci95_half_width": 0.005265619961437458,
      "ci95_low": 0.000528527844183768,
      "ci95_high": 0.011059767767058686
    },
    "rmse": {
      "mean": 0.00704995496198535,
      "std": 0.0024099463395503766,
      "min": 0.004352044779807329,
      "max": 0.008989504538476467,
      "n_seeds": 3,
      "ci95_half_width": 0.0059871217713530584,
      "ci95_low": 0.0010628331906322912,
      "ci95_high": 0.013037076733338409
    },
    "final_loss": {
      "mean": 0.0004233529592359749,
      "std": 0.0003189329150937288,
      "min": 0.00010909383854595944,
      "max": 0.0007467627292498946,
      "n_seeds": 3,
      "ci95_half_width": 0.0007923372268591728,
      "ci95_low": -0.0003689842676231979,
      "ci95_high": 0.0012156901860951477
    }
  }
}
