{
  "family": "chebyshev_dqc",
  "system": "van_der_pol",
  "regime": "smooth_periodic",
  "dim": 2,
  "n_seeds": 3,
  "seeds": [
    0,
    1,
    2
  ],
  "pqc_params": 120,
  "classical_params": 0,
  "config_str": "per-component: n=4, L=5; dim=2",
  "steps": 1200,
  "metrics": {
    "mae": {
      "mean": 0.951715124823085,
      "std": 0.16332235488862426,
      "min": 0.8498391396499252,
      "max": 1.140094575274875,
      "n_seeds": 3,
      "ci95_half_width": 0.40574796652309136,
      "ci95_low": 0.5459671582999936,
      "ci95_high": 1.3574630913461763
    },
    "relative_l2": {
      "mean": 0.9889218465682083,
      "std": 0.14088887474874556,
      "min": 0.9064404939457473,
      "max": 1.1516009635814861,
      "n_seeds": 3,
      "ci95_half_width": 0.35001561466593645,
      "ci95_low": 0.6389062319022718,
      "ci95_high": 1.3389374612341447
    },
    "final_loss": {
      "mean": 3.7668694655100503,
      "std": 1.6097878634962006,
      "min": 2.3637773990631104,
      "max": 5.524311542510986,
      "n_seeds": 3,
      "ci95_half_width": 3.9992574965781964,
      "ci95_low": -0.2323880310681461,
      "ci95_high": 7.766126962088247
    }
  }
}
