{
  "family": "qcpinn",
  "system": "van_der_pol",
  "seed": 2,
  "dim": 2,
  "regime": "smooth_periodic",
  "steps": 1500,
  "lr": 0.02,
  "n_colloc": 60,
  "pqc_params": 30,
  "classical_params": 1412,
  "per_component_pqc_params": 15,
  "config_str": "per-component: n=5, L=1, Cascade; dim=2",
  "final_loss": 24.394044876098633,
  "mae": 2.4522483297694926,
  "mae_per_component": [
    0.9257586884938,
    3.978737971045184
  ],
  "relative_l2": 2.6738664746037673
}
