{
  "best_epoch": 1,
  "val": {
    "mse_norm": 0.0860977613031972,
    "mae_raw": 0.2182007386496192,
    "rmse_raw": 0.267016022244317,
    "r2_raw": -0.38012769070095276,
    "delta_mae_raw": 0.2182007386496192,
    "delta_rmse_raw": 0.267016022244317,
    "delta_r2_raw": -0.8414936250311311
  },
  "test": {
    "mse_norm": 0.10269219634794505,
    "mae_raw": 0.26380878364536114,
    "rmse_raw": 0.2916151707228779,
    "r2_raw": 0.025686067052716144,
    "delta_mae_raw": 0.26380878364536114,
    "delta_rmse_raw": 0.2916151707228779,
    "delta_r2_raw": -2.911404438297535
  }
}
