{
  "best_epoch": 1,
  "delta_scale_learned": 0.10146503895521164,
  "val": {
    "mse_norm": 0.08547959336744694,
    "mae_raw": 0.21957583259595062,
    "rmse_raw": 0.2660557296274275,
    "r2_raw": -0.3702185981447834,
    "delta_mae_raw": 0.21957583259595062,
    "delta_rmse_raw": 0.2660557296274275,
    "delta_r2_raw": -0.8282720000358657
  },
  "test": {
    "mse_norm": 0.09443235305849225,
    "mae_raw": 0.25363614676703866,
    "rmse_raw": 0.2796416127255338,
    "r2_raw": 0.1040530772742867,
    "delta_mae_raw": 0.25363614676703866,
    "delta_rmse_raw": 0.2796416127255338,
    "delta_r2_raw": -2.5967983742443135
  }
}
