{
  "system": "lorenz",
  "family": "hardware_efficient",
  "seed": 0,
  "n_train_points": 560,
  "n_test_points": 240,
  "trainable_params": 49,
  "sampled_dt": 0.05,
  "rollout_steps": 200,
  "dt_step": 0.05,
  "relative_l2": 0.9862267453071663,
  "vpt_step": 2,
  "vpt_time": 0.1,
  "vpt_lyapunov": 0.09060000000000001,
  "spectral_error": 1.3485880946611015,
  "invariant_drift_final": null,
  "persistence_floor_relative_l2": 0.45480979577386477,
  "train_loss_history": [
    10.210371017456055,
    10.007694244384766,
    9.752144813537598,
    9.427026748657227,
    9.015938758850098
  ]
}
