{
  "pde": "heat",
  "model": "classical_pinn",
  "seed": 0,
  "regime": "smooth_periodic",
  "steps": 1200,
  "n_t_colloc": 24,
  "n_x_colloc": 24,
  "pqc_params": 0,
  "classical_params": 177,
  "config_str": "MLP H=11, L=2, target\u2248120; colloc=24\u00d724; steps=1200",
  "audit_reason": "capacity-matched classical baseline",
  "final_loss": 4.6875127736711875e-05,
  "mae": 0.002559588262438774,
  "relative_l2": 0.005395669283917357,
  "bc_violation": 1.6817409932988876
}
