{
  "best_epoch": 1,
  "delta_scale_learned": 0.09878937155008316,
  "val": {
    "mse_norm": 0.7518002366403422,
    "mae_raw": 0.7776007554205981,
    "rmse_raw": 0.7890283746240482,
    "r2_raw": -763.0004529911065,
    "delta_mae_raw": 0.7776007554205981,
    "delta_rmse_raw": 0.7890283746240482,
    "delta_r2_raw": -38.45036529783135
  },
  "test": {
    "mse_norm": 1.2800830491215653,
    "mae_raw": 1.0007252917570226,
    "rmse_raw": 1.0295808724804323,
    "r2_raw": -990.4259784554895,
    "delta_mae_raw": 1.0007252917570226,
    "delta_rmse_raw": 1.0295808724804323,
    "delta_r2_raw": -26.437498681467133
  }
}
