{
  "best_epoch": 20,
  "delta_scale_learned": 0.09615311771631241,
  "val": {
    "mse_norm": 0.07544734706005192,
    "mae_raw": 0.20676805645227433,
    "rmse_raw": 0.24995589230988127,
    "r2_raw": -0.20940395303444514,
    "delta_mae_raw": 0.20676805645227433,
    "delta_rmse_raw": 0.24995589230988127,
    "delta_r2_raw": -0.6136982719832638
  },
  "test": {
    "mse_norm": 0.08385745408636595,
    "mae_raw": 0.23888525277795924,
    "rmse_raw": 0.2635191790532894,
    "r2_raw": 0.20438466793520427,
    "delta_mae_raw": 0.23888525277795924,
    "delta_rmse_raw": 0.2635191790532894,
    "delta_r2_raw": -2.1940150251183828
  }
}
