{
  "best_epoch": 1,
  "val": {
    "mse_norm": 0.08841781527319045,
    "mae_raw": 0.2200760473859937,
    "rmse_raw": 0.2705897130855661,
    "r2_raw": -0.41731763245370646,
    "delta_mae_raw": 0.2200760473859937,
    "delta_rmse_raw": 0.2705897130855661,
    "delta_r2_raw": -0.8911158745623986
  },
  "test": {
    "mse_norm": 0.10593477125386756,
    "mae_raw": 0.267752686789338,
    "rmse_raw": 0.2961833622527229,
    "r2_raw": -0.005078548193812926,
    "delta_mae_raw": 0.267752686789338,
    "delta_rmse_raw": 0.2961833622527229,
    "delta_r2_raw": -3.034909654171627
  }
}
