{
  "best_epoch": 1,
  "delta_scale_learned": 0.10117528587579727,
  "val": {
    "mse_norm": 0.3027838174242152,
    "mae_raw": 0.41990495169984887,
    "rmse_raw": 0.500734739367055,
    "r2_raw": -28.272635514928524,
    "delta_mae_raw": 0.41990495169984887,
    "delta_rmse_raw": 0.500734739367055,
    "delta_r2_raw": -1.5974857849690562
  },
  "test": {
    "mse_norm": 0.4169890788832317,
    "mae_raw": 0.5605540684034239,
    "rmse_raw": 0.5876296931088524,
    "r2_raw": -9.493901278810878,
    "delta_mae_raw": 0.5605540684034239,
    "delta_rmse_raw": 0.5876296931088524,
    "delta_r2_raw": -9.74358757985033
  }
}
