{
  "family": "te_qpinn_qnn",
  "system": "lotka_volterra",
  "regime": "smooth_periodic",
  "dim": 2,
  "n_seeds": 3,
  "seeds": [
    0,
    1,
    2
  ],
  "pqc_params": 168,
  "classical_params": 0,
  "config_str": "per-component: n=4, L_var=5, K_embed=3; dim=2",
  "steps": 2000,
  "metrics": {
    "mae": {
      "mean": 1.4968731664350943,
      "std": 0.0027406965392451606,
      "min": 1.4943833622975022,
      "max": 1.499809835047345,
      "n_seeds": 3,
      "ci95_half_width": 0.006808817129865258,
      "ci95_low": 1.490064349305229,
      "ci95_high": 1.5036819835649595
    },
    "relative_l2": {
      "mean": 0.5237094983490301,
      "std": 0.0007234708727847344,
      "min": 0.5228811794394558,
      "max": 0.5242176042875145,
      "n_seeds": 3,
      "ci95_half_width": 0.001797346331867875,
      "ci95_low": 0.5219121520171622,
      "ci95_high": 0.525506844680898
    },
    "final_loss": {
      "mean": 3.1135114828745523,
      "std": 0.0012134141914068254,
      "min": 3.112434148788452,
      "max": 3.114825963973999,
      "n_seeds": 3,
      "ci95_half_width": 0.0030145312382332855,
      "ci95_low": 3.110496951636319,
      "ci95_high": 3.1165260141127855
    }
  }
}
