{
  "family": "qcpinn",
  "ode": "logistic",
  "seed": 1,
  "steps": 1500,
  "lr": 0.02,
  "n_colloc": 60,
  "pqc_params": 15,
  "classical_params": 706,
  "config_str": "n=5, L=1, Cascade",
  "final_loss": 0.00012887048069387674,
  "mae": 0.0016769218491390347,
  "rmse": 0.0019110171124339104
}
