{
  "best_epoch": 160,
  "val": {
    "mse_norm": 0.0005126389393393231,
    "mae_raw": 0.06599750044670971,
    "rmse_raw": 0.08603781891737973,
    "r2_raw": 0.9201485898409443
  },
  "test": {
    "mse_norm": 0.00032832246955695124,
    "mae_raw": 0.05753339764683747,
    "rmse_raw": 0.0688547490039894,
    "r2_raw": 0.9647666469225431
  }
}
