{
  "best_epoch": 160,
  "val": {
    "mse_norm": 0.000522397320169848,
    "mae_raw": 0.06642175628380342,
    "rmse_raw": 0.08685284856153312,
    "r2_raw": 0.9186285717338711
  },
  "test": {
    "mse_norm": 0.0003348463528148546,
    "mae_raw": 0.05779751234276352,
    "rmse_raw": 0.06953546817737336,
    "r2_raw": 0.9640665477713276
  }
}
