{
  "best_epoch": 1,
  "delta_scale_learned": 0.09953084588050842,
  "val": {
    "mse_norm": 0.08949260407298149,
    "mae_raw": 0.21889813664712396,
    "rmse_raw": 0.27222936181249063,
    "r2_raw": -0.4345462544503125,
    "delta_mae_raw": 0.21889813664712396,
    "delta_rmse_raw": 0.27222936181249063,
    "delta_r2_raw": -0.9141038906630738
  },
  "test": {
    "mse_norm": 0.11776129702968934,
    "mae_raw": 0.2816712820697838,
    "rmse_raw": 0.31227892991728684,
    "r2_raw": -0.11728521288235094,
    "delta_mae_raw": 0.2816712820697838,
    "delta_rmse_raw": 0.31227892991728684,
    "delta_r2_raw": -3.4853657458151996
  }
}
