{
  "system": "lorenz",
  "family": "non_liquid_data_reuploading",
  "n_seeds": 3,
  "seeds": [
    0,
    1,
    2
  ],
  "trainable_params": 49,
  "n_train_points": 560,
  "n_test_points": 240,
  "rollout_steps": 200,
  "sampled_dt": 0.05,
  "metrics": {
    "relative_l2": {
      "mean": 1.116248334163485,
      "std": 0.1487031594757316,
      "min": 0.9912805762424441,
      "max": 1.280712231991458,
      "n_seeds": 3,
      "ci95_half_width": 0.36942894078390237,
      "ci95_low": 0.7468193933795826,
      "ci95_high": 1.4856772749473874
    },
    "vpt_time": {
      "mean": 0.10000000000000002,
      "std": 1.6996749443881478e-17,
      "min": 0.1,
      "max": 0.1,
      "n_seeds": 3,
      "ci95_half_width": 4.2225674060726777e-17,
      "ci95_low": 0.09999999999999998,
      "ci95_high": 0.10000000000000006
    },
    "spectral_error": {
      "mean": 2.431947583875038,
      "std": 0.448655355071582,
      "min": 2.140555526210754,
      "max": 2.9486013315674815,
      "n_seeds": 3,
      "ci95_half_width": 1.1146116409730353,
      "ci95_low": 1.3173359429020028,
      "ci95_high": 3.5465592248480737
    },
    "persistence_floor_relative_l2": {
      "mean": 0.45480979577386477,
      "std": 0.0,
      "min": 0.45480979577386477,
      "max": 0.45480979577386477,
      "n_seeds": 3,
      "ci95_half_width": 0.0,
      "ci95_low": 0.45480979577386477,
      "ci95_high": 0.45480979577386477
    },
    "vpt_lyapunov": {
      "mean": 0.09060000000000001,
      "std": 0.0,
      "min": 0.09060000000000001,
      "max": 0.09060000000000001,
      "n_seeds": 3,
      "ci95_half_width": 0.0,
      "ci95_low": 0.09060000000000001,
      "ci95_high": 0.09060000000000001
    }
  }
}
