{
  "best_epoch": 5,
  "val": {
    "mse_norm": 0.08906217030015266,
    "mae_raw": 0.22284452850881367,
    "rmse_raw": 0.2715739001184694,
    "r2_raw": -0.4276464981743979,
    "delta_mae_raw": 0.22284452850881367,
    "delta_rmse_raw": 0.2715739001184694,
    "delta_r2_raw": -0.9048975996206037
  },
  "test": {
    "mse_norm": 0.10124890845431252,
    "mae_raw": 0.26295373459936866,
    "rmse_raw": 0.28955866606098357,
    "r2_raw": 0.03937956620873462,
    "delta_mae_raw": 0.26295373459936866,
    "delta_rmse_raw": 0.28955866606098357,
    "delta_r2_raw": -2.856431588619964
  }
}
