{
  "family": "chebyshev_dqc",
  "system": "van_der_pol",
  "seed": 0,
  "dim": 2,
  "regime": "smooth_periodic",
  "steps": 1200,
  "lr": 0.02,
  "n_colloc": 60,
  "pqc_params": 120,
  "classical_params": 0,
  "per_component_pqc_params": 60,
  "config_str": "per-component: n=4, L=5; dim=2",
  "final_loss": 5.524311542510986,
  "mae": 0.8498391396499252,
  "mae_per_component": [
    0.8725011246384833,
    0.827177154661368
  ],
  "relative_l2": 0.9064404939457473
}
