{
  "best_epoch": 10,
  "val": {
    "mse_norm": 0.0008487184948447216,
    "mae_raw": 0.08820505067706105,
    "rmse_raw": 0.11070453949842245,
    "r2_raw": 0.8677990229755772
  },
  "test": {
    "mse_norm": 0.0007530662121069844,
    "mae_raw": 0.08543060491251392,
    "rmse_raw": 0.10427979719401481,
    "r2_raw": 0.9191860131361922
  }
}
