{
  "system": "van_der_pol",
  "family": "data_reuploading",
  "n_seeds": 3,
  "seeds": [
    0,
    1,
    2
  ],
  "trainable_params": 42,
  "n_train_points": 560,
  "n_test_points": 240,
  "rollout_steps": 200,
  "sampled_dt": 0.1,
  "metrics": {
    "relative_l2": {
      "mean": 3.6245328663186154,
      "std": 4.094275141152704,
      "min": 1.1920163706353943,
      "max": 8.351522740920204,
      "n_seeds": 3,
      "ci95_half_width": 10.17156416855254,
      "ci95_low": -6.5470313022339255,
      "ci95_high": 13.796097034871156
    },
    "vpt_time": {
      "mean": 1.4000000000000001,
      "std": 1.0816653826391966,
      "min": 0.5,
      "max": 2.6,
      "n_seeds": 3,
      "ci95_half_width": 2.6872226387108307,
      "ci95_low": -1.2872226387108305,
      "ci95_high": 4.087222638710831
    },
    "spectral_error": {
      "mean": 67.28696914294756,
      "std": 114.34415318116848,
      "min": 1.0721583656764504,
      "max": 199.32002586639192,
      "n_seeds": 3,
      "ci95_half_width": 284.0695486463102,
      "ci95_low": -216.78257950336263,
      "ci95_high": 351.35651778925774
    },
    "persistence_floor_relative_l2": {
      "mean": 1.34648773242043,
      "std": 0.0,
      "min": 1.34648773242043,
      "max": 1.34648773242043,
      "n_seeds": 3,
      "ci95_half_width": 0.0,
      "ci95_low": 1.34648773242043,
      "ci95_high": 1.34648773242043
    }
  }
}
