{
  "best_epoch": 10,
  "delta_scale_learned": 0.09841951727867126,
  "val": {
    "mse_norm": 0.08151275171400092,
    "mae_raw": 0.2113802613710102,
    "rmse_raw": 0.2598089869391822,
    "r2_raw": -0.30663102132885167,
    "delta_mae_raw": 0.2113802613710102,
    "delta_rmse_raw": 0.2598089869391822,
    "delta_r2_raw": -0.7434275917056163
  },
  "test": {
    "mse_norm": 0.08509360692548164,
    "mae_raw": 0.2385474507573625,
    "rmse_raw": 0.2654543574609227,
    "r2_raw": 0.19265640641938298,
    "delta_mae_raw": 0.2385474507573625,
    "delta_rmse_raw": 0.2654543574609227,
    "delta_r2_raw": -2.2410983856197864
  }
}
