{
  "system": "lorenz",
  "family": "plain_mlp",
  "seed": 0,
  "n_train_points": 560,
  "n_test_points": 240,
  "trainable_params": 214,
  "sampled_dt": 0.05,
  "rollout_steps": 200,
  "dt_step": 0.05,
  "relative_l2": 1.9191316628064041,
  "vpt_step": 2,
  "vpt_time": 0.1,
  "vpt_lyapunov": 0.09060000000000001,
  "spectral_error": 4.7459099293351485,
  "invariant_drift_final": null,
  "persistence_floor_relative_l2": 0.45480979577386477,
  "train_loss_history": [
    10.112170219421387,
    9.850668907165527,
    9.654243469238281,
    9.397974014282227,
    9.098808288574219
  ]
}
