{
  "system": "lorenz",
  "family": "skyline",
  "n_seeds": 3,
  "seeds": [
    0,
    1,
    2
  ],
  "trainable_params": 6,
  "n_train_points": 560,
  "n_test_points": 240,
  "rollout_steps": 200,
  "sampled_dt": 0.05,
  "metrics": {
    "relative_l2": {
      "mean": 0.7083785014075185,
      "std": 0.0,
      "min": 0.7083785014075185,
      "max": 0.7083785014075185,
      "n_seeds": 3,
      "ci95_half_width": 0.0,
      "ci95_low": 0.7083785014075185,
      "ci95_high": 0.7083785014075185
    },
    "vpt_time": {
      "mean": 0.9,
      "std": 0.0,
      "min": 0.9,
      "max": 0.9,
      "n_seeds": 3,
      "ci95_half_width": 0.0,
      "ci95_low": 0.9,
      "ci95_high": 0.9
    },
    "spectral_error": {
      "mean": 0.1333628571973432,
      "std": 0.0,
      "min": 0.1333628571973432,
      "max": 0.1333628571973432,
      "n_seeds": 3,
      "ci95_half_width": 0.0,
      "ci95_low": 0.1333628571973432,
      "ci95_high": 0.1333628571973432
    },
    "persistence_floor_relative_l2": {
      "mean": 0.45480979577386477,
      "std": 0.0,
      "min": 0.45480979577386477,
      "max": 0.45480979577386477,
      "n_seeds": 3,
      "ci95_half_width": 0.0,
      "ci95_low": 0.45480979577386477,
      "ci95_high": 0.45480979577386477
    },
    "vpt_lyapunov": {
      "mean": 0.8154,
      "std": 0.0,
      "min": 0.8154,
      "max": 0.8154,
      "n_seeds": 3,
      "ci95_half_width": 0.0,
      "ci95_low": 0.8154,
      "ci95_high": 0.8154
    }
  }
}
