{
  "best_epoch": 5,
  "val": {
    "mse_norm": 0.08959270700631282,
    "mae_raw": 0.2230814084253813,
    "rmse_raw": 0.2723815718287998,
    "r2_raw": -0.43615088188916595,
    "delta_mae_raw": 0.2230814084253813,
    "delta_rmse_raw": 0.2723815718287998,
    "delta_r2_raw": -0.9162449325529716
  },
  "test": {
    "mse_norm": 0.10152275754302069,
    "mae_raw": 0.2632374277920789,
    "rmse_raw": 0.2899499879658135,
    "r2_raw": 0.03678136505867613,
    "delta_mae_raw": 0.2632374277920789,
    "delta_rmse_raw": 0.2899499879658135,
    "delta_r2_raw": -2.866862123549488
  }
}
