{
  "system": "lorenz",
  "family": "hardware_efficient",
  "n_seeds": 3,
  "seeds": [
    0,
    1,
    2
  ],
  "trainable_params": 49,
  "n_train_points": 560,
  "n_test_points": 240,
  "rollout_steps": 200,
  "sampled_dt": 0.05,
  "metrics": {
    "relative_l2": {
      "mean": 0.6944309486775833,
      "std": 0.2605418400980923,
      "min": 0.48510229880110695,
      "max": 0.9862267453071663,
      "n_seeds": 3,
      "ci95_half_width": 0.6472740482224617,
      "ci95_low": 0.04715690045512155,
      "ci95_high": 1.341704996900045
    },
    "vpt_time": {
      "mean": 0.10000000000000002,
      "std": 1.6996749443881478e-17,
      "min": 0.1,
      "max": 0.1,
      "n_seeds": 3,
      "ci95_half_width": 4.2225674060726777e-17,
      "ci95_low": 0.09999999999999998,
      "ci95_high": 0.10000000000000006
    },
    "spectral_error": {
      "mean": 0.8623565159386198,
      "std": 0.5565905056665207,
      "min": 0.25526664798400506,
      "max": 1.3485880946611015,
      "n_seeds": 3,
      "ci95_half_width": 1.3827590596171342,
      "ci95_low": -0.5204025436785144,
      "ci95_high": 2.245115575555754
    },
    "persistence_floor_relative_l2": {
      "mean": 0.45480979577386477,
      "std": 0.0,
      "min": 0.45480979577386477,
      "max": 0.45480979577386477,
      "n_seeds": 3,
      "ci95_half_width": 0.0,
      "ci95_low": 0.45480979577386477,
      "ci95_high": 0.45480979577386477
    },
    "vpt_lyapunov": {
      "mean": 0.09060000000000001,
      "std": 0.0,
      "min": 0.09060000000000001,
      "max": 0.09060000000000001,
      "n_seeds": 3,
      "ci95_half_width": 0.0,
      "ci95_low": 0.09060000000000001,
      "ci95_high": 0.09060000000000001
    }
  }
}
