{
  "pde": "burgers_smooth",
  "regime": "smooth_periodic",
  "description": "Burgers smooth: u_t + u\u00b7u_x = 0.12\u00b7u_xx, u(0,x)=sin(x); reference = data/pde/burgers_smooth.npz",
  "n_seeds": 3,
  "seeds": [
    0,
    1,
    2
  ],
  "pqc_params": 120,
  "config_str": "n_t=4, n_x=4, L=5, steps=600",
  "metrics": {
    "mae": {
      "mean": 0.19556160387807142,
      "std": 0.009552776542647178,
      "min": 0.18460705909259867,
      "max": 0.20215869816783152,
      "n_seeds": 3,
      "ci95_half_width": 0.023732327760469688,
      "ci95_low": 0.17182927611760174,
      "ci95_high": 0.2192939316385411
    },
    "relative_l2": {
      "mean": 0.3803644021082255,
      "std": 0.02126143713213192,
      "min": 0.356029995084806,
      "max": 0.395346953740064,
      "n_seeds": 3,
      "ci95_half_width": 0.05282060063121187,
      "ci95_low": 0.3275438014770136,
      "ci95_high": 0.43318500273943733
    },
    "final_loss": {
      "mean": 0.1414250135421753,
      "std": 0.007770574233506281,
      "min": 0.13256962597370148,
      "max": 0.14710506796836853,
      "n_seeds": 3,
      "ci95_half_width": 0.01930473446890955,
      "ci95_low": 0.12212027907326574,
      "ci95_high": 0.16072974801108483
    }
  }
}
