{
  "system": "lorenz",
  "family": "plain_neuralode",
  "n_seeds": 3,
  "seeds": [
    0,
    1,
    2
  ],
  "trainable_params": 58,
  "n_train_points": 560,
  "n_test_points": 240,
  "rollout_steps": 200,
  "sampled_dt": 0.05,
  "metrics": {
    "relative_l2": {
      "mean": 0.9829835999646814,
      "std": 0.2476608361186701,
      "min": 0.757634407536478,
      "max": 1.2481350660671902,
      "n_seeds": 3,
      "ci95_half_width": 0.6152732778748231,
      "ci95_low": 0.3677103220898583,
      "ci95_high": 1.5982568778395045
    },
    "vpt_time": {
      "mean": 0.11666666666666665,
      "std": 0.028867513459481298,
      "min": 0.1,
      "max": 0.15000000000000002,
      "n_seeds": 3,
      "ci95_half_width": 0.07171666666666669,
      "ci95_low": 0.04494999999999996,
      "ci95_high": 0.18838333333333335
    },
    "spectral_error": {
      "mean": 1.5466724128649842,
      "std": 0.7262334845120194,
      "min": 0.8073115912994618,
      "max": 2.2590250514061916,
      "n_seeds": 3,
      "ci95_half_width": 1.8042095937367302,
      "ci95_low": -0.25753718087174593,
      "ci95_high": 3.350882006601714
    },
    "persistence_floor_relative_l2": {
      "mean": 0.45480979577386477,
      "std": 0.0,
      "min": 0.45480979577386477,
      "max": 0.45480979577386477,
      "n_seeds": 3,
      "ci95_half_width": 0.0,
      "ci95_low": 0.45480979577386477,
      "ci95_high": 0.45480979577386477
    },
    "vpt_lyapunov": {
      "mean": 0.10570000000000002,
      "std": 0.02615396719429005,
      "min": 0.09060000000000001,
      "max": 0.13590000000000002,
      "n_seeds": 3,
      "ci95_half_width": 0.0649753,
      "ci95_low": 0.040724700000000016,
      "ci95_high": 0.17067530000000003
    }
  }
}
