{
  "best_epoch": 1,
  "val": {
    "mse_norm": 0.0008422106001893577,
    "mae_raw": 0.0876908147876913,
    "rmse_raw": 0.11027928666224826,
    "r2_raw": 0.8688127277988338
  },
  "test": {
    "mse_norm": 0.0007004062657562306,
    "mae_raw": 0.08192111073538313,
    "rmse_raw": 0.10056772085276654,
    "r2_raw": 0.9248371234160331
  }
}
