{
  "best_epoch": 1,
  "delta_scale_learned": 0.10144991427659988,
  "val": {
    "mse_norm": 0.013768905930820162,
    "mae_raw": 0.08444987083023243,
    "rmse_raw": 0.1067802931317955,
    "r2_raw": 0.8770054083629846
  },
  "test": {
    "mse_norm": 0.01687801618798966,
    "mae_raw": 0.09679681852806442,
    "rmse_raw": 0.1182230316193686,
    "r2_raw": 0.8961299479839668
  }
}
