{
  "family": "te_qpinn_qnn",
  "system": "lorenz",
  "regime": "broadband_multiscale",
  "dim": 3,
  "n_seeds": 3,
  "seeds": [
    0,
    1,
    2
  ],
  "pqc_params": 252,
  "classical_params": 0,
  "config_str": "per-component: n=4, L_var=5, K_embed=3; dim=3",
  "steps": 2000,
  "metrics": {
    "mae": {
      "mean": 13.580320673463712,
      "std": 0.058877863359966906,
      "min": 13.542830089563989,
      "max": 13.648182611094834,
      "n_seeds": 3,
      "ci95_half_width": 0.14627252556958423,
      "ci95_low": 13.434048147894128,
      "ci95_high": 13.726593199033296
    },
    "relative_l2": {
      "mean": 0.9778529431984229,
      "std": 0.0013788747445467788,
      "min": 0.9768661862856822,
      "max": 0.9794284624300705,
      "n_seeds": 3,
      "ci95_half_width": 0.0034255912123691236,
      "ci95_low": 0.9744273519860538,
      "ci95_high": 0.9812785344107919
    },
    "final_loss": {
      "mean": 48.653334299723305,
      "std": 1.3010045650737811,
      "min": 47.62287521362305,
      "max": 50.115257263183594,
      "n_seeds": 3,
      "ci95_half_width": 3.232135350215389,
      "ci95_low": 45.42119894950792,
      "ci95_high": 51.88546964993869
    }
  }
}
