{
  "n_seeds": 5,
  "seeds": [
    0,
    1,
    2,
    3,
    4
  ],
  "val": {
    "mse_norm": {
      "mean": 0.081117259675014,
      "std": 0.003535913195647807,
      "min": 0.07661086417496957,
      "max": 0.08402472204156067,
      "n_seeds": 5,
      "ci95_half_width": 0.004390416115809504,
      "ci95_low": 0.07672684355920449,
      "ci95_high": 0.08550767579082351
    },
    "mae_raw": {
      "mean": 0.21348688212193934,
      "std": 0.0026217777602323433,
      "min": 0.21118547187039718,
      "max": 0.21788394575056272,
      "n_seeds": 5,
      "ci95_half_width": 0.003255367056171801,
      "ci95_low": 0.21023151506576754,
      "ci95_high": 0.21674224917811113
    },
    "rmse_raw": {
      "mean": 0.2591282272527259,
      "std": 0.005675008561527419,
      "min": 0.2518758754293318,
      "max": 0.26378186503741374,
      "n_seeds": 5,
      "ci95_half_width": 0.0070464538203467274,
      "ci95_low": 0.25208177343237914,
      "ci95_high": 0.2661746810730726
    },
    "r2_raw": {
      "mean": -0.30029137316383736,
      "std": 0.05667989085155483,
      "min": -0.346897338998549,
      "max": -0.22805486990610935,
      "n_seeds": 5,
      "ci95_half_width": 0.07037737989249453,
      "ci95_low": -0.3706687530563319,
      "ci95_high": -0.22991399327134282
    },
    "delta_mae_raw": {
      "mean": 0.21348688212193934,
      "std": 0.0026217777602323433,
      "min": 0.21118547187039718,
      "max": 0.21788394575056272,
      "n_seeds": 5,
      "ci95_half_width": 0.003255367056171801,
      "ci95_low": 0.21023151506576754,
      "ci95_high": 0.21674224917811113
    },
    "delta_rmse_raw": {
      "mean": 0.2591282272527259,
      "std": 0.005675008561527419,
      "min": 0.2518758754293318,
      "max": 0.26378186503741374,
      "n_seeds": 5,
      "ci95_half_width": 0.0070464538203467274,
      "ci95_low": 0.25208177343237914,
      "ci95_high": 0.2661746810730726
    },
    "delta_r2_raw": {
      "mean": -0.7349686485516791,
      "std": 0.07562753676624459,
      "min": -0.7971546256546027,
      "max": -0.6385840450545306,
      "n_seeds": 5,
      "ci95_half_width": 0.09390398967547743,
      "ci95_low": -0.8288726382271565,
      "ci95_high": -0.6410646588762017
    }
  },
  "test": {
    "mse_norm": {
      "mean": 0.09721360151559255,
      "std": 0.015820805785259892,
      "min": 0.07933488013995035,
      "max": 0.1197477641123472,
      "n_seeds": 5,
      "ci95_half_width": 0.01964412496613104,
      "ci95_low": 0.07756947654946152,
      "ci95_high": 0.11685772648172359
    },
    "mae_raw": {
      "mean": 0.25637058147242364,
      "std": 0.020443918288196597,
      "min": 0.23249982132038588,
      "max": 0.28501458547484704,
      "n_seeds": 5,
      "ci95_half_width": 0.02538447732067324,
      "ci95_low": 0.23098610415175042,
      "ci95_high": 0.28175505879309687
    },
    "rmse_raw": {
      "mean": 0.2829863342379927,
      "std": 0.022948803062612516,
      "min": 0.2563146781670782,
      "max": 0.314901767955397,
      "n_seeds": 5,
      "ci95_half_width": 0.02849470256471424,
      "ci95_low": 0.25449163167327843,
      "ci95_high": 0.31148103680270695
    },
    "r2_raw": {
      "mean": 0.07766539428463215,
      "std": 0.15010324109539966,
      "min": -0.13613223948033082,
      "max": 0.24729354480689125,
      "n_seeds": 5,
      "ci95_half_width": 0.18637779048185749,
      "ci95_low": -0.10871239619722534,
      "ci95_high": 0.26404318476648964
    },
    "delta_mae_raw": {
      "mean": 0.25637058147242364,
      "std": 0.020443918288196597,
      "min": 0.23249982132038588,
      "max": 0.28501458547484704,
      "n_seeds": 5,
      "ci95_half_width": 0.02538447732067324,
      "ci95_low": 0.23098610415175042,
      "ci95_high": 0.28175505879309687
    },
    "delta_rmse_raw": {
      "mean": 0.2829863342379927,
      "std": 0.022948803062612516,
      "min": 0.2563146781670782,
      "max": 0.314901767955397,
      "n_seeds": 5,
      "ci95_half_width": 0.02849470256471424,
      "ci95_low": 0.25449163167327843,
      "ci95_high": 0.31148103680270695
    },
    "delta_r2_raw": {
      "mean": -2.7027323005404362,
      "std": 0.6025927204462522,
      "min": -3.5610275433028455,
      "max": -2.021756407271685,
      "n_seeds": 5,
      "ci95_half_width": 0.7482176865577767,
      "ci95_low": -3.450949987098213,
      "ci95_high": -1.9545146139826595
    }
  }
}
