{
  "best_epoch": 1,
  "val": {
    "mse_norm": 0.08148606959193123,
    "mae_raw": 0.21090559230038994,
    "rmse_raw": 0.2597664609395875,
    "r2_raw": -0.3062033129313546,
    "delta_mae_raw": 0.21090559230038994,
    "delta_rmse_raw": 0.2597664609395875,
    "delta_r2_raw": -0.7428569037231423
  },
  "test": {
    "mse_norm": 0.09973572710061848,
    "mae_raw": 0.2604683343457504,
    "rmse_raw": 0.2873867700713137,
    "r2_raw": 0.05373619435002819,
    "delta_mae_raw": 0.2604683343457504,
    "delta_rmse_raw": 0.2873867700713137,
    "delta_r2_raw": -2.7987965932330288
  }
}
