{
  "pde": "allen_cahn",
  "model": "classical_pinn",
  "seed": 1,
  "regime": "broadband_multiscale",
  "steps": 1800,
  "n_t_colloc": 32,
  "n_x_colloc": 64,
  "pqc_params": 0,
  "classical_params": 177,
  "config_str": "MLP H=11, L=2, target\u2248120; colloc=64\u00d732; steps=1800",
  "audit_reason": "capacity-matched classical baseline",
  "final_loss": 0.025948241353034973,
  "mae": 0.039943380494930486,
  "relative_l2": 0.06329821674435986,
  "bc_violation": 0.21898289910471783
}
