{
  "best_epoch": 1,
  "delta_scale_learned": 0.09870057553052902,
  "val": {
    "mse_norm": 0.7490314032292079,
    "mae_raw": 0.7705245902321557,
    "rmse_raw": 0.7875740631928573,
    "r2_raw": -760.186686943603,
    "delta_mae_raw": 0.7705245902321557,
    "delta_rmse_raw": 0.7875740631928573,
    "delta_r2_raw": -38.3050720614176
  },
  "test": {
    "mse_norm": 1.1567782477630564,
    "mae_raw": 0.9547221389938803,
    "rmse_raw": 0.9787379971026908,
    "r2_raw": -894.9262502003502,
    "delta_mae_raw": 0.9547221389938803,
    "delta_rmse_raw": 0.9787379971026908,
    "delta_r2_raw": -23.794564438244162
  }
}
