{
  "system": "lotka_volterra",
  "family": "classical_ltc",
  "seed": 2,
  "n_train_points": 560,
  "n_test_points": 240,
  "trainable_params": 51,
  "sampled_dt": 0.1,
  "rollout_steps": 200,
  "dt_step": 0.1,
  "relative_l2": 0.6589904929870067,
  "vpt_step": 19,
  "vpt_time": 1.9000000000000001,
  "vpt_lyapunov": null,
  "spectral_error": 0.24568630047053225,
  "invariant_drift_final": 0.3824250356872052,
  "persistence_floor_relative_l2": 0.8837616584035011,
  "train_loss_history": [
    0.06611217558383942,
    0.052122414112091064,
    0.03406462073326111,
    0.023420732468366623,
    0.016445733606815338
  ]
}
