{
  "system": "lotka_volterra",
  "family": "non_liquid_brickwall",
  "seed": 1,
  "n_train_points": 560,
  "n_test_points": 240,
  "trainable_params": 36,
  "sampled_dt": 0.1,
  "rollout_steps": 200,
  "dt_step": 0.1,
  "relative_l2": 0.7057178904123832,
  "vpt_step": 17,
  "vpt_time": 1.7000000000000002,
  "vpt_lyapunov": null,
  "spectral_error": 0.19412633142409677,
  "invariant_drift_final": 0.22195126767575873,
  "persistence_floor_relative_l2": 0.8837616584035011,
  "train_loss_history": [
    0.05852803215384483,
    0.04229743406176567,
    0.03159458190202713,
    0.024412861093878746,
    0.017610447481274605
  ]
}
