{
  "best_epoch": 1,
  "val": {
    "mse_norm": 0.0849907711200153,
    "mae_raw": 0.21686806341535164,
    "rmse_raw": 0.26529390789176566,
    "r2_raw": -0.36238288779297334,
    "delta_mae_raw": 0.21686806341535164,
    "delta_rmse_raw": 0.26529390789176566,
    "delta_r2_raw": -0.8178168727620119
  },
  "test": {
    "mse_norm": 0.10282509625326111,
    "mae_raw": 0.26391071249061904,
    "rmse_raw": 0.2918038077327393,
    "r2_raw": 0.024425151091798547,
    "delta_mae_raw": 0.26391071249061904,
    "delta_rmse_raw": 0.2918038077327393,
    "delta_r2_raw": -2.9164664127998745
  }
}
