{
  "system": "van_der_pol",
  "family": "non_liquid_data_reuploading",
  "n_seeds": 3,
  "seeds": [
    0,
    1,
    2
  ],
  "trainable_params": 39,
  "n_train_points": 560,
  "n_test_points": 240,
  "rollout_steps": 200,
  "sampled_dt": 0.1,
  "metrics": {
    "relative_l2": {
      "mean": 4.0940762275037725,
      "std": 4.831723070344892,
      "min": 1.2034981167303591,
      "max": 9.672035904612137,
      "n_seeds": 3,
      "ci95_half_width": 12.003634235693339,
      "ci95_low": -7.909558008189566,
      "ci95_high": 16.09771046319711
    },
    "vpt_time": {
      "mean": 1.2666666666666668,
      "std": 0.929157324317757,
      "min": 0.5,
      "max": 2.3000000000000003,
      "n_seeds": 3,
      "ci95_half_width": 2.308341042345732,
      "ci95_low": -1.041674375679065,
      "ci95_high": 3.5750077090123984
    },
    "spectral_error": {
      "mean": 89.77624179952431,
      "std": 153.19159799585412,
      "min": 1.0257289393285296,
      "max": 266.66631078585135,
      "n_seeds": 3,
      "ci95_half_width": 380.57974009515135,
      "ci95_low": -290.80349829562704,
      "ci95_high": 470.35598189467566
    },
    "persistence_floor_relative_l2": {
      "mean": 1.34648773242043,
      "std": 0.0,
      "min": 1.34648773242043,
      "max": 1.34648773242043,
      "n_seeds": 3,
      "ci95_half_width": 0.0,
      "ci95_low": 1.34648773242043,
      "ci95_high": 1.34648773242043
    }
  }
}
