{
  "best_epoch": 5,
  "val": {
    "mse_norm": 0.09057798024183676,
    "mae_raw": 0.22641106178886003,
    "rmse_raw": 0.2738752004805565,
    "r2_raw": -0.45194458958459083,
    "delta_mae_raw": 0.22641106178886003,
    "delta_rmse_raw": 0.2738752004805565,
    "delta_r2_raw": -0.9373183536810983
  },
  "test": {
    "mse_norm": 0.10823122942201495,
    "mae_raw": 0.2720153819003575,
    "rmse_raw": 0.2993764871935846,
    "r2_raw": -0.026866680780592178,
    "delta_mae_raw": 0.2720153819003575,
    "delta_rmse_raw": 0.2993764871935846,
    "delta_r2_raw": -3.122378585509135
  }
}
