{
  "best_epoch": 1,
  "val": {
    "mse_norm": 0.011396816520576891,
    "mae_raw": 0.07603659283031117,
    "rmse_raw": 0.09714784485869833,
    "r2_raw": 0.8981947584685946,
    "delta_mae_raw": 0.07603659283031117,
    "delta_rmse_raw": 0.09714784485869833,
    "delta_r2_raw": -0.3977743899016226
  },
  "test": {
    "mse_norm": 0.013283930330167122,
    "mae_raw": 0.08627885649370594,
    "rmse_raw": 0.1048828999714033,
    "r2_raw": 0.9182485359059152,
    "delta_mae_raw": 0.08627885649370594,
    "delta_rmse_raw": 0.1048828999714033,
    "delta_r2_raw": -0.6863216395561784
  }
}
