{
  "best_epoch": 1,
  "delta_scale_learned": 0.1000199168920517,
  "val": {
    "mse_norm": 0.08334676263257579,
    "mae_raw": 0.21369995314823953,
    "rmse_raw": 0.2627155384366064,
    "r2_raw": -0.3360298026149231,
    "delta_mae_raw": 0.21369995314823953,
    "delta_rmse_raw": 0.2627155384366064,
    "delta_r2_raw": -0.7826541565276648
  },
  "test": {
    "mse_norm": 0.10340326523556592,
    "mae_raw": 0.26419925521796855,
    "rmse_raw": 0.29262304068813877,
    "r2_raw": 0.018939650585519385,
    "delta_mae_raw": 0.26419925521796855,
    "delta_rmse_raw": 0.29262304068813877,
    "delta_r2_raw": -2.938488073684513
  }
}
