{
  "best_epoch": 1,
  "delta_scale_learned": 0.09908951818943024,
  "val": {
    "mse_norm": 0.07883513332097031,
    "mae_raw": 0.20715072838883647,
    "rmse_raw": 0.255506113240164,
    "r2_raw": -0.26370940253857866,
    "delta_mae_raw": 0.20715072838883647,
    "delta_rmse_raw": 0.255506113240164,
    "delta_r2_raw": -0.6861576101590825
  },
  "test": {
    "mse_norm": 0.09731056364757516,
    "mae_raw": 0.2554685894200499,
    "rmse_raw": 0.283871234464778,
    "r2_raw": 0.07674544554929841,
    "delta_mae_raw": 0.2554685894200499,
    "delta_rmse_raw": 0.283871234464778,
    "delta_r2_raw": -2.706425454712527
  }
}
