{
  "system": "lotka_volterra",
  "family": "plain_mlp",
  "seed": 0,
  "n_train_points": 560,
  "n_test_points": 240,
  "trainable_params": 159,
  "sampled_dt": 0.1,
  "rollout_steps": 200,
  "dt_step": 0.1,
  "relative_l2": 0.7536141983137279,
  "vpt_step": 27,
  "vpt_time": 2.7,
  "vpt_lyapunov": null,
  "spectral_error": 0.6374871491301705,
  "invariant_drift_final": Infinity,
  "persistence_floor_relative_l2": 0.8837616584035011,
  "train_loss_history": [
    0.05228764936327934,
    0.035441894084215164,
    0.028376465663313866,
    0.022059321403503418,
    0.016558116301894188
  ]
}
