{
  "family": "chebyshev_dqc",
  "ode": "expdecay",
  "seed": 1,
  "steps": 1200,
  "lr": 0.02,
  "n_colloc": 60,
  "pqc_params": 60,
  "classical_params": 0,
  "config_str": "n=4, L=5",
  "final_loss": 0.00041420230991207063,
  "mae": 0.006591806188225746,
  "rmse": 0.007808315567672253
}
