{
  "best_epoch": 1,
  "delta_scale_learned": 0.09885448962450027,
  "val": {
    "mse_norm": 0.0002530459923943558,
    "mae_raw": 0.04618591056628662,
    "rmse_raw": 0.06044819377098457,
    "r2_raw": 0.9605841894222313
  },
  "test": {
    "mse_norm": 0.0002884262825593279,
    "mae_raw": 0.0557517565960108,
    "rmse_raw": 0.06453584678422293,
    "r2_raw": 0.9690480366331784
  }
}
