{
  "best_epoch": 1,
  "delta_scale_learned": 0.09880878776311874,
  "val": {
    "mse_norm": 0.8276536113086537,
    "mae_raw": 0.8143086769905956,
    "rmse_raw": 0.8278767755678959,
    "r2_raw": -840.0847764364822,
    "delta_mae_raw": 0.8143086769905956,
    "delta_rmse_raw": 0.8278767755678959,
    "delta_r2_raw": -42.43073560618725
  },
  "test": {
    "mse_norm": 1.2666566740859702,
    "mae_raw": 1.0057424361565532,
    "rmse_raw": 1.0241671698558743,
    "r2_raw": -980.0272336116213,
    "delta_mae_raw": 1.0057424361565532,
    "delta_rmse_raw": 1.0241671698558743,
    "delta_r2_raw": -26.14971567583415
  }
}
