{
  "family": "chebyshev_dqc",
  "system": "lorenz",
  "regime": "broadband_multiscale",
  "dim": 3,
  "n_seeds": 3,
  "seeds": [
    0,
    1,
    2
  ],
  "pqc_params": 180,
  "classical_params": 0,
  "config_str": "per-component: n=4, L=5; dim=3",
  "steps": 1200,
  "metrics": {
    "mae": {
      "mean": 14.0933079980868,
      "std": 0.0741680813995899,
      "min": 14.014241029249552,
      "max": 14.16134087070348,
      "n_seeds": 3,
      "ci95_half_width": 0.1842585984590086,
      "ci95_low": 13.909049399627792,
      "ci95_high": 14.277566596545809
    },
    "relative_l2": {
      "mean": 0.9990965919795322,
      "std": 0.002331168911878175,
      "min": 0.9966388255037443,
      "max": 1.001276204652427,
      "n_seeds": 3,
      "ci95_half_width": 0.00579141199783361,
      "ci95_low": 0.9933051799816985,
      "ci95_high": 1.0048880039773658
    },
    "final_loss": {
      "mean": 6.031498908996582,
      "std": 0.46970545164847016,
      "min": 5.749895095825195,
      "max": 6.573732852935791,
      "n_seeds": 3,
      "ci95_half_width": 1.1669072001878869,
      "ci95_low": 4.864591708808695,
      "ci95_high": 7.198406109184469
    }
  }
}
