{
  "best_epoch": 1,
  "delta_scale_learned": 0.09853342920541763,
  "val": {
    "mse_norm": 0.07155801657524581,
    "mae_raw": 0.20471458141740995,
    "rmse_raw": 0.24342800481037724,
    "r2_raw": -0.14705886276589086,
    "delta_mae_raw": 0.20471458141740995,
    "delta_rmse_raw": 0.24342800481037724,
    "delta_r2_raw": -0.530511703772881
  },
  "test": {
    "mse_norm": 0.09043918303283155,
    "mae_raw": 0.2485884595924699,
    "rmse_raw": 0.2736652836394996,
    "r2_raw": 0.14193912247529172,
    "delta_mae_raw": 0.2485884595924699,
    "delta_rmse_raw": 0.2736652836394996,
    "delta_r2_raw": -2.4447040231962003
  }
}
