{
  "n_seeds": 5,
  "seeds": [
    0,
    1,
    2,
    3,
    4
  ],
  "val": {
    "mse_norm": {
      "mean": 0.08434694636151957,
      "std": 0.0055868501923410415,
      "min": 0.07647224688642963,
      "max": 0.09049172406387235,
      "n_seeds": 5,
      "ci95_half_width": 0.006936990747187646,
      "ci95_low": 0.07740995561433192,
      "ci95_high": 0.09128393710870722
    },
    "mae_raw": {
      "mean": 0.21524320949692471,
      "std": 0.0046473509116532075,
      "min": 0.21014068805857702,
      "max": 0.21987841741034858,
      "n_seeds": 5,
      "ci95_half_width": 0.00577044831401923,
      "ci95_low": 0.20947276118290548,
      "ci95_high": 0.22101365781094395
    },
    "rmse_raw": {
      "mean": 0.2641698135545356,
      "std": 0.00880453636884387,
      "min": 0.2516479041173448,
      "max": 0.273744765607112,
      "n_seeds": 5,
      "ci95_half_width": 0.010932275830069131,
      "ci95_low": 0.2532375377244665,
      "ci95_high": 0.27510208938460473
    },
    "r2_raw": {
      "mean": -0.35206252215617523,
      "std": 0.08955594823301759,
      "min": -0.45056192251054816,
      "max": -0.22583286604180275,
      "n_seeds": 5,
      "ci95_half_width": 0.11119839674593794,
      "ci95_low": -0.4632609189021132,
      "ci95_high": -0.24086412541023727
    },
    "delta_mae_raw": {
      "mean": 0.21524320949692471,
      "std": 0.0046473509116532075,
      "min": 0.21014068805857702,
      "max": 0.21987841741034858,
      "n_seeds": 5,
      "ci95_half_width": 0.00577044831401923,
      "ci95_low": 0.20947276118290548,
      "ci95_high": 0.22101365781094395
    },
    "delta_rmse_raw": {
      "mean": 0.2641698135545356,
      "std": 0.00880453636884387,
      "min": 0.2516479041173448,
      "max": 0.273744765607112,
      "n_seeds": 5,
      "ci95_half_width": 0.010932275830069131,
      "ci95_low": 0.2532375377244665,
      "ci95_high": 0.27510208938460473
    },
    "delta_r2_raw": {
      "mean": -0.804046489299521,
      "std": 0.11949380399067296,
      "min": -0.9354734717766586,
      "max": -0.6356192426101734,
      "n_seeds": 5,
      "ci95_half_width": 0.14837115442363588,
      "ci95_low": -0.952417643723157,
      "ci95_high": -0.6556753348758851
    }
  },
  "test": {
    "mse_norm": {
      "mean": 0.10300343027078122,
      "std": 0.008414585459981845,
      "min": 0.09270521877294949,
      "max": 0.1148396734338004,
      "n_seeds": 5,
      "ci95_half_width": 0.010448087825468317,
      "ci95_low": 0.09255534244531291,
      "ci95_high": 0.11345151809624954
    },
    "mae_raw": {
      "mean": 0.2637739776154639,
      "std": 0.01250330957280862,
      "min": 0.24659486693395694,
      "max": 0.28057060271921286,
      "n_seeds": 5,
      "ci95_half_width": 0.015524909354952949,
      "ci95_low": 0.24824906826051094,
      "ci95_high": 0.2792988869704168
    },
    "rmse_raw": {
      "mean": 0.29186320444763,
      "std": 0.0118854163155343,
      "min": 0.2770725386354257,
      "max": 0.3083808255558864,
      "n_seeds": 5,
      "ci95_half_width": 0.014757693542662568,
      "ci95_low": 0.27710551090496743,
      "ci95_high": 0.3066208979902925
    },
    "r2_raw": {
      "mean": 0.022733169381721673,
      "std": 0.079835159293484,
      "min": -0.08956569107314438,
      "max": 0.12043962910899131,
      "n_seeds": 5,
      "ci95_half_width": 0.09912844308558173,
      "ci95_low": -0.07639527370386007,
      "ci95_high": 0.1218616124673034
    },
    "delta_mae_raw": {
      "mean": 0.2637739776154639,
      "std": 0.01250330957280862,
      "min": 0.24659486693395694,
      "max": 0.28057060271921286,
      "n_seeds": 5,
      "ci95_half_width": 0.015524909354952949,
      "ci95_low": 0.24824906826051094,
      "ci95_high": 0.2792988869704168
    },
    "delta_rmse_raw": {
      "mean": 0.29186320444763,
      "std": 0.0118854163155343,
      "min": 0.2770725386354257,
      "max": 0.3083808255558864,
      "n_seeds": 5,
      "ci95_half_width": 0.014757693542662568,
      "ci95_low": 0.27710551090496743,
      "ci95_high": 0.3066208979902925
    },
    "delta_r2_raw": {
      "mean": -2.9232589101115916,
      "std": 0.32049998037913646,
      "min": -3.3740851236608584,
      "max": -2.5310142061161094,
      "n_seeds": 5,
      "ci95_half_width": 0.3979532870617865,
      "ci95_low": -3.321212197173378,
      "ci95_high": -2.525305623049805
    }
  }
}
