{
  "system": "lorenz",
  "family": "classical_ltc",
  "n_seeds": 3,
  "seeds": [
    0,
    1,
    2
  ],
  "trainable_params": 61,
  "n_train_points": 560,
  "n_test_points": 240,
  "rollout_steps": 200,
  "sampled_dt": 0.05,
  "metrics": {
    "relative_l2": {
      "mean": 1.0975910297196367,
      "std": 0.4792816320497861,
      "min": 0.7879360571080498,
      "max": 1.6496542536838066,
      "n_seeds": 3,
      "ci95_half_width": 1.1906976710486696,
      "ci95_low": -0.0931066413290329,
      "ci95_high": 2.288288700768306
    },
    "vpt_time": {
      "mean": 0.10000000000000002,
      "std": 1.6996749443881478e-17,
      "min": 0.1,
      "max": 0.1,
      "n_seeds": 3,
      "ci95_half_width": 4.2225674060726777e-17,
      "ci95_low": 0.09999999999999998,
      "ci95_high": 0.10000000000000006
    },
    "spectral_error": {
      "mean": 2.370001752429121,
      "std": 2.1670417415034438,
      "min": 0.46445862168291796,
      "max": 4.727319131247889,
      "n_seeds": 3,
      "ci95_half_width": 5.383664597447732,
      "ci95_low": -3.0136628450186107,
      "ci95_high": 7.753666349876853
    },
    "persistence_floor_relative_l2": {
      "mean": 0.45480979577386477,
      "std": 0.0,
      "min": 0.45480979577386477,
      "max": 0.45480979577386477,
      "n_seeds": 3,
      "ci95_half_width": 0.0,
      "ci95_low": 0.45480979577386477,
      "ci95_high": 0.45480979577386477
    },
    "vpt_lyapunov": {
      "mean": 0.09060000000000001,
      "std": 0.0,
      "min": 0.09060000000000001,
      "max": 0.09060000000000001,
      "n_seeds": 3,
      "ci95_half_width": 0.0,
      "ci95_low": 0.09060000000000001,
      "ci95_high": 0.09060000000000001
    }
  }
}
