{
  "best_epoch": 1,
  "delta_scale_learned": 0.09893589466810226,
  "val": {
    "mse_norm": 0.009939338071096027,
    "mae_raw": 0.07038968966765835,
    "rmse_raw": 0.09072356836387452,
    "r2_raw": 0.9112140911312133
  },
  "test": {
    "mse_norm": 0.012424579442189719,
    "mae_raw": 0.08349108795787012,
    "rmse_raw": 0.10143369379095539,
    "r2_raw": 0.9235371207988338
  }
}
