{
  "system": "lorenz",
  "family": "classical_ltc",
  "seed": 1,
  "n_train_points": 560,
  "n_test_points": 240,
  "trainable_params": 61,
  "sampled_dt": 0.05,
  "rollout_steps": 200,
  "dt_step": 0.05,
  "relative_l2": 0.7879360571080498,
  "vpt_step": 2,
  "vpt_time": 0.1,
  "vpt_lyapunov": 0.09060000000000001,
  "spectral_error": 0.46445862168291796,
  "invariant_drift_final": null,
  "persistence_floor_relative_l2": 0.45480979577386477,
  "train_loss_history": [
    10.270644187927246,
    10.095519065856934,
    9.798521995544434,
    9.534383773803711,
    9.222615242004395
  ]
}
