{
  "best_epoch": 1,
  "delta_scale_learned": 0.09894796460866928,
  "val": {
    "mse_norm": 0.0003114608865867038,
    "mae_raw": 0.050897681984034444,
    "rmse_raw": 0.06706336706661846,
    "r2_raw": 0.9514851699806677
  },
  "test": {
    "mse_norm": 0.0003780421397166668,
    "mae_raw": 0.062215354276257885,
    "rmse_raw": 0.07388456197006697,
    "r2_raw": 0.9594310672529704
  }
}
