{
  "best_epoch": 1,
  "delta_scale_learned": 0.10136786848306656,
  "val": {
    "mse_norm": 0.012110292979247332,
    "mae_raw": 0.07842108318751509,
    "rmse_raw": 0.10014256645460365,
    "r2_raw": 0.8918214310511732
  },
  "test": {
    "mse_norm": 0.015071275295708854,
    "mae_raw": 0.09116486405217367,
    "rmse_raw": 0.11171626145005252,
    "r2_raw": 0.9072489247861247
  }
}
