{
  "family": "te_qpinn_fnn",
  "ode": "logistic",
  "n_seeds": 3,
  "seeds": [
    0,
    1,
    2
  ],
  "pqc_params": 60,
  "classical_params": 100,
  "config_str": "n=4, L=5, H_fnn=16",
  "steps": 1500,
  "metrics": {
    "mae": {
      "mean": 0.0008285629446618259,
      "std": 0.0010365990491030272,
      "min": 5.0827860832214355e-05,
      "max": 0.0020053922198712826,
      "n_seeds": 3,
      "ci95_half_width": 0.0025752626243978984,
      "ci95_low": -0.0017466996797360725,
      "ci95_high": 0.0034038255690597243
    },
    "rmse": {
      "mean": 0.0011061597518467654,
      "std": 0.0014281443595875497,
      "min": 6.1007944168522954e-05,
      "max": 0.002733425470069051,
      "n_seeds": 3,
      "ci95_half_width": 0.003547993599524274,
      "ci95_low": -0.002441833847677509,
      "ci95_high": 0.004654153351371039
    },
    "final_loss": {
      "mean": 2.893409439508332e-05,
      "std": 4.519133872644937e-05,
      "min": 7.441774840799553e-08,
      "max": 8.101491403067484e-05,
      "n_seeds": 3,
      "ci95_half_width": 0.00011227056948338321,
      "ci95_low": -8.33364750882999e-05,
      "ci95_high": 0.00014120466387846655
    }
  }
}
