{
  "family": "qcpinn",
  "system": "lotka_volterra",
  "seed": 2,
  "dim": 2,
  "regime": "smooth_periodic",
  "steps": 1500,
  "lr": 0.02,
  "n_colloc": 60,
  "pqc_params": 30,
  "classical_params": 1412,
  "per_component_pqc_params": 15,
  "config_str": "per-component: n=5, L=1, Cascade; dim=2",
  "final_loss": 0.0028186917770653963,
  "mae": 0.019847262547698953,
  "mae_per_component": [
    0.02179371355613604,
    0.017900811539261867
  ],
  "relative_l2": 0.007031684790202037
}
