{
  "family": "chebyshev_dqc",
  "system": "fitzhugh_nagumo",
  "regime": "broadband_multiscale",
  "dim": 2,
  "n_seeds": 3,
  "seeds": [
    0,
    1,
    2
  ],
  "pqc_params": 120,
  "classical_params": 0,
  "config_str": "per-component: n=4, L=5; dim=2",
  "steps": 1200,
  "metrics": {
    "mae": {
      "mean": 0.49287377804861127,
      "std": 0.029912548482512916,
      "min": 0.4719062765572144,
      "max": 0.5271279614286748,
      "n_seeds": 3,
      "ci95_half_width": 0.07431288710341981,
      "ci95_low": 0.41856089094519144,
      "ci95_high": 0.5671866651520311
    },
    "relative_l2": {
      "mean": 0.5876092066166182,
      "std": 0.04892010002982204,
      "min": 0.5311260657814072,
      "max": 0.6164967553388808,
      "n_seeds": 3,
      "ci95_half_width": 0.12153407365906806,
      "ci95_low": 0.46607513295755015,
      "ci95_high": 0.7091432802756863
    },
    "final_loss": {
      "mean": 0.29222141702969867,
      "std": 0.047182085148774276,
      "min": 0.25204595923423767,
      "max": 0.34417760372161865,
      "n_seeds": 3,
      "ci95_half_width": 0.11721625688344722,
      "ci95_low": 0.17500516014625145,
      "ci95_high": 0.4094376739131459
    }
  }
}
