{
  "best_epoch": 1,
  "val": {
    "mse_norm": 0.08351441410977706,
    "mae_raw": 0.21388434993593314,
    "rmse_raw": 0.26297963100648375,
    "r2_raw": -0.338717217973582,
    "delta_mae_raw": 0.21388434993593314,
    "delta_rmse_raw": 0.26297963100648375,
    "delta_r2_raw": -0.786239953902883
  },
  "test": {
    "mse_norm": 0.09918941039318206,
    "mae_raw": 0.2590305680288395,
    "rmse_raw": 0.2865985881796943,
    "r2_raw": 0.05891948966152105,
    "delta_mae_raw": 0.2590305680288395,
    "delta_rmse_raw": 0.2865985881796943,
    "delta_r2_raw": -2.777988141664394
  }
}
