{
  "best_epoch": 1,
  "val": {
    "mse_norm": 0.08436729968108606,
    "mae_raw": 0.2164256044751719,
    "rmse_raw": 0.2643190512730918,
    "r2_raw": -0.3523887812772739,
    "delta_mae_raw": 0.2164256044751719,
    "delta_rmse_raw": 0.2643190512730918,
    "delta_r2_raw": -0.8044818143028953
  },
  "test": {
    "mse_norm": 0.10139136004421981,
    "mae_raw": 0.26220971147779004,
    "rmse_raw": 0.28976229094314254,
    "r2_raw": 0.03802802662001192,
    "delta_mae_raw": 0.26220971147779004,
    "delta_rmse_raw": 0.28976229094314254,
    "delta_r2_raw": -2.861857373643763
  }
}
