{
  "family": "te_qpinn_fnn",
  "system": "van_der_pol",
  "seed": 1,
  "dim": 2,
  "regime": "smooth_periodic",
  "steps": 1500,
  "lr": 0.02,
  "n_colloc": 60,
  "pqc_params": 120,
  "classical_params": 200,
  "per_component_pqc_params": 60,
  "config_str": "per-component: n=4, L=5, H_fnn=16; dim=2",
  "final_loss": 0.6306729912757874,
  "mae": 0.8572492285946172,
  "mae_per_component": [
    0.9064871885912271,
    0.8080112685980072
  ],
  "relative_l2": 0.8651840207366839
}
