{
  "n_seeds": 5,
  "seeds": [
    0,
    1,
    2,
    3,
    4
  ],
  "val": {
    "mse_norm": {
      "mean": 0.0839364604234222,
      "std": 0.009835864633488754,
      "min": 0.07235310304120621,
      "max": 0.098661450652375,
      "n_seeds": 5,
      "ci95_half_width": 0.012212839006608647,
      "ci95_low": 0.07172362141681356,
      "ci95_high": 0.09614929943003085
    },
    "mae_raw": {
      "mean": 0.21552566833245126,
      "std": 0.010809938911624692,
      "min": 0.20089480194606277,
      "max": 0.23053468787356426,
      "n_seeds": 5,
      "ci95_half_width": 0.013422311969346361,
      "ci95_low": 0.2021033563631049,
      "ci95_high": 0.22894798030179764
    },
    "rmse_raw": {
      "mean": 0.2632873265204918,
      "std": 0.015312028373465084,
      "min": 0.244776642326066,
      "max": 0.28583482517921377,
      "n_seeds": 5,
      "ci95_half_width": 0.019012394370806134,
      "ci95_low": 0.24427493214968568,
      "ci95_high": 0.28229972089129796
    },
    "r2_raw": {
      "mean": -0.34548252517092826,
      "std": 0.157666691179808,
      "min": -0.5815207966970901,
      "max": -0.15980391944987637,
      "n_seeds": 5,
      "ci95_half_width": 0.19576905415387855,
      "ci95_low": -0.5412515793248068,
      "ci95_high": -0.1497134710170497
    },
    "delta_mae_raw": {
      "mean": 0.21552566833245126,
      "std": 0.010809938911624692,
      "min": 0.20089480194606277,
      "max": 0.23053468787356426,
      "n_seeds": 5,
      "ci95_half_width": 0.013422311969346361,
      "ci95_low": 0.2021033563631049,
      "ci95_high": 0.22894798030179764
    },
    "delta_rmse_raw": {
      "mean": 0.2632873265204918,
      "std": 0.015312028373465084,
      "min": 0.244776642326066,
      "max": 0.28583482517921377,
      "n_seeds": 5,
      "ci95_half_width": 0.019012394370806134,
      "ci95_low": 0.24427493214968568,
      "ci95_high": 0.28229972089129796
    },
    "delta_r2_raw": {
      "mean": -0.7952668505873215,
      "std": 0.21037343764902394,
      "min": -1.1102108772940338,
      "max": -0.5475173336086969,
      "n_seeds": 5,
      "ci95_half_width": 0.2612131237071574,
      "ci95_low": -1.0564799742944788,
      "ci95_high": -0.5340537268801642
    }
  },
  "test": {
    "mse_norm": {
      "mean": 0.09763086858513266,
      "std": 0.015977004113669955,
      "min": 0.07885768447692713,
      "max": 0.1193950990806559,
      "n_seeds": 5,
      "ci95_half_width": 0.01983807080709742,
      "ci95_low": 0.07779279777803524,
      "ci95_high": 0.11746893939223008
    },
    "mae_raw": {
      "mean": 0.25643198263141465,
      "std": 0.02138163850216236,
      "min": 0.2299965813797964,
      "max": 0.28465282302507205,
      "n_seeds": 5,
      "ci95_half_width": 0.026548810750742457,
      "ci95_low": 0.2298831718806722,
      "ci95_high": 0.2829807933821571
    },
    "rmse_raw": {
      "mean": 0.28358341899911166,
      "std": 0.023145375999392353,
      "min": 0.25554265498218365,
      "max": 0.31443772284618005,
      "n_seeds": 5,
      "ci95_half_width": 0.02873878010333495,
      "ci95_low": 0.2548446388957767,
      "ci95_high": 0.31232219910244663
    },
    "r2_raw": {
      "mean": 0.07370648470755473,
      "std": 0.1515852057731961,
      "min": -0.132786255401113,
      "max": 0.25182103958994406,
      "n_seeds": 5,
      "ci95_half_width": 0.18821789266888697,
      "ci95_low": -0.11451140796133225,
      "ci95_high": 0.2619243773764417
    },
    "delta_mae_raw": {
      "mean": 0.25643198263141465,
      "std": 0.02138163850216236,
      "min": 0.2299965813797964,
      "max": 0.28465282302507205,
      "n_seeds": 5,
      "ci95_half_width": 0.026548810750742457,
      "ci95_low": 0.2298831718806722,
      "ci95_high": 0.2829807933821571
    },
    "delta_rmse_raw": {
      "mean": 0.28358341899911166,
      "std": 0.023145375999392353,
      "min": 0.25554265498218365,
      "max": 0.31443772284618005,
      "n_seeds": 5,
      "ci95_half_width": 0.02873878010333495,
      "ci95_low": 0.2548446388957767,
      "ci95_high": 0.31232219910244663
    },
    "delta_r2_raw": {
      "mean": -2.7186254289941756,
      "std": 0.6085420998219517,
      "min": -3.547595017568214,
      "max": -2.0035806811633328,
      "n_seeds": 5,
      "ci95_half_width": 0.7556048167402387,
      "ci95_low": -3.4742302457344145,
      "ci95_high": -1.9630206122539369
    }
  }
}
