{
  "n_seeds": 5,
  "seeds": [
    0,
    1,
    2,
    3,
    4
  ],
  "val": {
    "mse_norm": {
      "mean": 0.0005661579111347398,
      "std": 0.00028349169815982035,
      "min": 0.0002506503106996768,
      "max": 0.0008487184948447216,
      "n_seeds": 5
    },
    "mae_raw": {
      "mean": 0.06884181727062572,
      "std": 0.0199044741593945,
      "min": 0.046017797833139244,
      "max": 0.08820505067706105,
      "n_seeds": 5
    },
    "rmse_raw": {
      "mean": 0.08789998349002832,
      "std": 0.02368842384051734,
      "min": 0.060161370384187,
      "max": 0.11070453949842245,
      "n_seeds": 5
    },
    "r2_raw": {
      "mean": 0.911812185716758,
      "std": 0.044158198157208554,
      "min": 0.8677990229755772,
      "max": 0.9609573537430277,
      "n_seeds": 5
    }
  },
  "test": {
    "mse_norm": {
      "mean": 0.0006132947136414905,
      "std": 0.00022967718811401914,
      "min": 0.00033541110738990825,
      "max": 0.0008683185433209176,
      "n_seeds": 5
    },
    "mae_raw": {
      "mean": 0.0769696045199106,
      "std": 0.013942725405029648,
      "min": 0.05971553658330162,
      "max": 0.09260918193085252,
      "n_seeds": 5
    },
    "rmse_raw": {
      "mean": 0.09265857485560147,
      "std": 0.018383558235282666,
      "min": 0.06959408301508307,
      "max": 0.11197553199495887,
      "n_seeds": 5
    },
    "r2_raw": {
      "mean": 0.9341853476692364,
      "std": 0.02464740678144484,
      "min": 0.9068179102642194,
      "max": 0.9640059421192934,
      "n_seeds": 5
    }
  }
}
