{
  "family": "chebyshev_dqc",
  "system": "lotka_volterra",
  "regime": "smooth_periodic",
  "dim": 2,
  "n_seeds": 3,
  "seeds": [
    0,
    1,
    2
  ],
  "pqc_params": 120,
  "classical_params": 0,
  "config_str": "per-component: n=4, L=5; dim=2",
  "steps": 1200,
  "metrics": {
    "mae": {
      "mean": 0.31244114036749415,
      "std": 0.027623645095090226,
      "min": 0.29024300638744605,
      "max": 0.34337698895616414,
      "n_seeds": 3,
      "ci95_half_width": 0.06862647696288578,
      "ci95_low": 0.2438146634046084,
      "ci95_high": 0.3810676173303799
    },
    "relative_l2": {
      "mean": 0.10606150890661015,
      "std": 0.008840230286934406,
      "min": 0.09960528325957219,
      "max": 0.11613706901520766,
      "n_seeds": 3,
      "ci95_half_width": 0.021962121872204986,
      "ci95_low": 0.08409938703440516,
      "ci95_high": 0.12802363077881512
    },
    "final_loss": {
      "mean": 0.08861995488405228,
      "std": 0.010751455818646847,
      "min": 0.07693096995353699,
      "max": 0.09808653593063354,
      "n_seeds": 3,
      "ci95_half_width": 0.026710252485360568,
      "ci95_low": 0.06190970239869171,
      "ci95_high": 0.11533020736941285
    }
  }
}
