{
  "best_epoch": 1,
  "val": {
    "mse_norm": 0.08424461269806584,
    "mae_raw": 0.2159833639232736,
    "rmse_raw": 0.264126794883193,
    "r2_raw": -0.3504221366166951,
    "delta_mae_raw": 0.2159833639232736,
    "delta_rmse_raw": 0.264126794883193,
    "delta_r2_raw": -0.8018577356545507
  },
  "test": {
    "mse_norm": 0.1059452042025715,
    "mae_raw": 0.26810718868819766,
    "rmse_raw": 0.2961979466507988,
    "r2_raw": -0.005177533001281098,
    "delta_mae_raw": 0.26810718868819766,
    "delta_rmse_raw": 0.2961979466507988,
    "delta_r2_raw": -3.035307030830384
  }
}
