{
  "best_epoch": 1,
  "delta_scale_learned": 0.10077082365751266,
  "val": {
    "mse_norm": 0.098661450652375,
    "mae_raw": 0.23053468787356426,
    "rmse_raw": 0.28583482517921377,
    "r2_raw": -0.5815207966970901,
    "delta_mae_raw": 0.23053468787356426,
    "delta_rmse_raw": 0.28583482517921377,
    "delta_r2_raw": -1.1102108772940338
  },
  "test": {
    "mse_norm": 0.1193950990806559,
    "mae_raw": 0.28465282302507205,
    "rmse_raw": 0.31443772284618005,
    "r2_raw": -0.132786255401113,
    "delta_mae_raw": 0.28465282302507205,
    "delta_rmse_raw": 0.31443772284618005,
    "delta_r2_raw": -3.547595017568214
  }
}
