{
  "pde": "allen_cahn",
  "model": "te_qpinn_fnn_2d",
  "regime": "broadband_multiscale",
  "n_seeds": 3,
  "seeds": [
    0,
    1,
    2
  ],
  "pqc_params": 60,
  "classical_params": 164,
  "config_str": "n_t=2, n_x=2 (n=4), L=5; two FNN heads (H=16); \u27e8\u2297 Z\u27e9 readout",
  "steps": 1800,
  "metrics": {
    "mae": {
      "mean": 0.27413913149804875,
      "std": 0.17813102878691764,
      "min": 0.06856713313001342,
      "max": 0.3829066465363492,
      "n_seeds": 3,
      "ci95_half_width": 0.4425377209032165,
      "ci95_low": -0.16839858940516778,
      "ci95_high": 0.7166768524012652
    },
    "relative_l2": {
      "mean": 0.3928260554468208,
      "std": 0.2600824972506198,
      "min": 0.09266722120193871,
      "max": 0.5513559781567219,
      "n_seeds": 3,
      "ci95_half_width": 0.646132885235766,
      "ci95_low": -0.25330682978894514,
      "ci95_high": 1.0389589406825868
    },
    "final_loss": {
      "mean": 0.09362651407718658,
      "std": 0.03996099536165226,
      "min": 0.04839508235454559,
      "max": 0.1241459846496582,
      "n_seeds": 3,
      "ci95_half_width": 0.09927662761956929,
      "ci95_low": -0.0056501135423827065,
      "ci95_high": 0.19290314169675588
    },
    "bc_violation": {
      "mean": 0.44199856080879024,
      "std": 0.37893004093212374,
      "min": 0.22036865314678297,
      "max": 0.8795368133852592,
      "n_seeds": 3,
      "ci95_half_width": 0.9413903789690581,
      "ci95_low": -0.49939181816026784,
      "ci95_high": 1.3833889397778483
    }
  },
  "audit_reason": "\u0394x = 2\u03c0/64 \u2248 0.098 ~ 1.2\u00d7 the equilibrium front width \u221a2\u00b7\u03b5 \u2248 0.085; >10\u00d7 the 28\u00d728 resolution that P3.7 used. Tests whether 'broadband failure' was sub-Nyquist aliasing vs a real regime property"
}
