{
  "system": "van_der_pol",
  "family": "plain_neuralode",
  "n_seeds": 3,
  "seeds": [
    0,
    1,
    2
  ],
  "trainable_params": 48,
  "n_train_points": 560,
  "n_test_points": 240,
  "rollout_steps": 200,
  "sampled_dt": 0.1,
  "metrics": {
    "relative_l2": {
      "mean": 1.2802725464465408,
      "std": 0.09428346603370254,
      "min": 1.2167399368709941,
      "max": 1.388603057020825,
      "n_seeds": 3,
      "ci95_half_width": 0.2342320170806472,
      "ci95_low": 1.0460405293658936,
      "ci95_high": 1.5145045635271879
    },
    "vpt_time": {
      "mean": 1.0333333333333334,
      "std": 1.6165807537309524,
      "min": 0.1,
      "max": 2.9000000000000004,
      "n_seeds": 3,
      "ci95_half_width": 4.016133333333334,
      "ci95_low": -2.982800000000001,
      "ci95_high": 5.049466666666667
    },
    "spectral_error": {
      "mean": 1.194447408202447,
      "std": 0.21550181122859322,
      "min": 1.0408716323146778,
      "max": 1.4407991231795654,
      "n_seeds": 3,
      "ci95_half_width": 0.535379383597996,
      "ci95_low": 0.659068024604451,
      "ci95_high": 1.729826791800443
    },
    "persistence_floor_relative_l2": {
      "mean": 1.34648773242043,
      "std": 0.0,
      "min": 1.34648773242043,
      "max": 1.34648773242043,
      "n_seeds": 3,
      "ci95_half_width": 0.0,
      "ci95_low": 1.34648773242043,
      "ci95_high": 1.34648773242043
    }
  }
}
