{
  "best_epoch": 1,
  "val": {
    "mse_norm": 0.09268035064071294,
    "mae_raw": 0.22727795478544738,
    "rmse_raw": 0.27703537385246374,
    "r2_raw": -0.48564511280006784,
    "delta_mae_raw": 0.22727795478544738,
    "delta_rmse_raw": 0.27703537385246374,
    "delta_r2_raw": -0.9822846992443812
  },
  "test": {
    "mse_norm": 0.09976811924303855,
    "mae_raw": 0.25898756698823305,
    "rmse_raw": 0.28743343498131907,
    "r2_raw": 0.05342886704765992,
    "delta_mae_raw": 0.25898756698823305,
    "delta_rmse_raw": 0.28743343498131907,
    "delta_r2_raw": -2.8000303653611325
  }
}
