{
  "best_epoch": 1,
  "val": {
    "mse_norm": 0.0922820573297135,
    "mae_raw": 0.22368031473536237,
    "rmse_raw": 0.2764394539039891,
    "r2_raw": -0.47926056087663826,
    "delta_mae_raw": 0.22368031473536237,
    "delta_rmse_raw": 0.2764394539039891,
    "delta_r2_raw": -0.9737658413554384
  },
  "test": {
    "mse_norm": 0.11357019330819505,
    "mae_raw": 0.2777720728726453,
    "rmse_raw": 0.3066716111388798,
    "r2_raw": -0.07752122987780563,
    "delta_mae_raw": 0.2777720728726453,
    "delta_rmse_raw": 0.3066716111388798,
    "delta_r2_raw": -3.3257323726806476
  }
}
