{
  "system": "lotka_volterra",
  "family": "plain_neuralode",
  "n_seeds": 3,
  "seeds": [
    0,
    1,
    2
  ],
  "trainable_params": 48,
  "n_train_points": 560,
  "n_test_points": 240,
  "rollout_steps": 200,
  "sampled_dt": 0.1,
  "metrics": {
    "relative_l2": {
      "mean": 0.35228998016513396,
      "std": 0.10253078513635819,
      "min": 0.28782130459803307,
      "max": 0.4705208545280488,
      "n_seeds": 3,
      "ci95_half_width": 0.2547211470436065,
      "ci95_low": 0.09756883312152748,
      "ci95_high": 0.6070111272087404
    },
    "vpt_time": {
      "mean": 5.533333333333334,
      "std": 2.9687258770949763,
      "min": 3.0,
      "max": 8.8,
      "n_seeds": 3,
      "ci95_half_width": 7.375319126504141,
      "ci95_low": -1.8419857931708066,
      "ci95_high": 12.908652459837475
    },
    "spectral_error": {
      "mean": 0.12148502253499976,
      "std": 0.043580013494192736,
      "min": 0.08958348006169954,
      "max": 0.17113944738698048,
      "n_seeds": 3,
      "ci95_half_width": 0.1082674926428532,
      "ci95_low": 0.01321752989214657,
      "ci95_high": 0.22975251517785295
    },
    "persistence_floor_relative_l2": {
      "mean": 0.883761658403501,
      "std": 1.3597399555105182e-16,
      "min": 0.8837616584035011,
      "max": 0.8837616584035011,
      "n_seeds": 3,
      "ci95_half_width": 3.378053924858142e-16,
      "ci95_low": 0.8837616584035006,
      "ci95_high": 0.8837616584035013
    },
    "invariant_drift_final": {
      "mean": 0.7458727361791541,
      "std": 0.8755222629415526,
      "min": 0.10857627275180048,
      "max": 1.7441746636699802,
      "n_seeds": 3,
      "ci95_half_width": 2.17509341006308,
      "ci95_low": -1.429220673883926,
      "ci95_high": 2.920966146242234
    }
  }
}
