{
  "family": "qcpinn",
  "ode": "expdecay",
  "n_seeds": 3,
  "seeds": [
    0,
    1,
    2
  ],
  "pqc_params": 15,
  "classical_params": 706,
  "config_str": "n=5, L=1, Cascade",
  "steps": 1500,
  "metrics": {
    "mae": {
      "mean": 0.0002502038502522434,
      "std": 7.716189818610164e-05,
      "min": 0.00019843055633828044,
      "max": 0.0003388886107131839,
      "n_seeds": 3,
      "ci95_half_width": 0.0001916962518904584,
      "ci95_low": 5.8507598361784994e-05,
      "ci95_high": 0.0004419001021427018
    },
    "rmse": {
      "mean": 0.0003021566856962939,
      "std": 7.717034353085857e-05,
      "min": 0.00025470159016549587,
      "max": 0.0003912009415216744,
      "n_seeds": 3,
      "ci95_half_width": 0.0001917172329831205,
      "ci95_low": 0.00011043945271317339,
      "ci95_high": 0.0004938739186794144
    },
    "final_loss": {
      "mean": 6.354411804447106e-06,
      "std": 2.8713135744189123e-06,
      "min": 4.151804205321241e-06,
      "max": 9.601835699868388e-06,
      "n_seeds": 3,
      "ci95_half_width": 7.133314021005274e-06,
      "ci95_low": -7.789022165581683e-07,
      "ci95_high": 1.348772582545238e-05
    }
  }
}
