{
  "family": "chebyshev_dqc",
  "ode": "logistic",
  "seed": 1,
  "steps": 1200,
  "lr": 0.02,
  "n_colloc": 60,
  "pqc_params": 60,
  "classical_params": 0,
  "config_str": "n=4, L=5",
  "final_loss": 0.0008621650631539524,
  "mae": 0.015856890007853508,
  "rmse": 0.019205886870622635
}
