{
  "family": "te_qpinn_fnn",
  "system": "lorenz",
  "seed": 1,
  "dim": 3,
  "regime": "broadband_multiscale",
  "steps": 1500,
  "lr": 0.02,
  "n_colloc": 60,
  "pqc_params": 180,
  "classical_params": 300,
  "per_component_pqc_params": 60,
  "config_str": "per-component: n=4, L=5, H_fnn=16; dim=3",
  "final_loss": 9.228602409362793,
  "mae": 13.944899348661522,
  "mae_per_component": [
    7.97475364280027,
    9.023768760180474,
    24.836175643003834
  ],
  "relative_l2": 0.9947301672058669
}
