{
  "best_epoch": 1,
  "val": {
    "mse_norm": 0.0860970813016329,
    "mae_raw": 0.21814846391740597,
    "rmse_raw": 0.2670149677937216,
    "r2_raw": -0.38011679042928015,
    "delta_mae_raw": 0.21814846391740597,
    "delta_rmse_raw": 0.2670149677937216,
    "delta_r2_raw": -0.8414790808835628
  },
  "test": {
    "mse_norm": 0.10214356175110655,
    "mae_raw": 0.2628822169505374,
    "rmse_raw": 0.29083514829898277,
    "r2_raw": 0.03089135383015995,
    "delta_mae_raw": 0.2628822169505374,
    "delta_rmse_raw": 0.29083514829898277,
    "delta_r2_raw": -2.890507701511357
  }
}
