{
  "system": "van_der_pol",
  "family": "hardware_efficient",
  "n_seeds": 3,
  "seeds": [
    0,
    1,
    2
  ],
  "trainable_params": 39,
  "n_train_points": 560,
  "n_test_points": 240,
  "rollout_steps": 200,
  "sampled_dt": 0.1,
  "metrics": {
    "relative_l2": {
      "mean": 1.2320187304974553,
      "std": 0.03726998219880607,
      "min": 1.2013679343143555,
      "max": 1.2735060874817539,
      "n_seeds": 3,
      "ci95_half_width": 0.09259124080001048,
      "ci95_low": 1.1394274896974448,
      "ci95_high": 1.3246099712974657
    },
    "vpt_time": {
      "mean": 1.366666666666667,
      "std": 0.4725815626252609,
      "min": 1.0,
      "max": 1.9000000000000001,
      "n_seeds": 3,
      "ci95_half_width": 1.1740524325789052,
      "ci95_low": 0.19261423408776168,
      "ci95_high": 2.540719099245572
    },
    "spectral_error": {
      "mean": 1.1410511635455651,
      "std": 0.10225431602213408,
      "min": 1.0508957693848493,
      "max": 1.2521587691746174,
      "n_seeds": 3,
      "ci95_half_width": 0.2540343042597183,
      "ci95_low": 0.8870168592858468,
      "ci95_high": 1.3950854678052833
    },
    "persistence_floor_relative_l2": {
      "mean": 1.34648773242043,
      "std": 0.0,
      "min": 1.34648773242043,
      "max": 1.34648773242043,
      "n_seeds": 3,
      "ci95_half_width": 0.0,
      "ci95_low": 1.34648773242043,
      "ci95_high": 1.34648773242043
    }
  }
}
