{
  "system": "lorenz",
  "family": "strongly_entangling",
  "n_seeds": 3,
  "seeds": [
    0,
    1,
    2
  ],
  "trainable_params": 52,
  "n_train_points": 560,
  "n_test_points": 240,
  "rollout_steps": 200,
  "sampled_dt": 0.05,
  "metrics": {
    "relative_l2": {
      "mean": 0.9102458834088488,
      "std": 0.3483683339241061,
      "min": 0.5185298046038007,
      "max": 1.1853464700019796,
      "n_seeds": 3,
      "ci95_half_width": 0.8654647625374683,
      "ci95_low": 0.04478112087138053,
      "ci95_high": 1.775710645946317
    },
    "vpt_time": {
      "mean": 0.10000000000000002,
      "std": 1.6996749443881478e-17,
      "min": 0.1,
      "max": 0.1,
      "n_seeds": 3,
      "ci95_half_width": 4.2225674060726777e-17,
      "ci95_low": 0.09999999999999998,
      "ci95_high": 0.10000000000000006
    },
    "spectral_error": {
      "mean": 1.9178050744250867,
      "std": 1.2514354816798419,
      "min": 0.5771257329636522,
      "max": 3.055076155901707,
      "n_seeds": 3,
      "ci95_half_width": 3.1089889823882784,
      "ci95_low": -1.1911839079631916,
      "ci95_high": 5.026794056813365
    },
    "persistence_floor_relative_l2": {
      "mean": 0.45480979577386477,
      "std": 0.0,
      "min": 0.45480979577386477,
      "max": 0.45480979577386477,
      "n_seeds": 3,
      "ci95_half_width": 0.0,
      "ci95_low": 0.45480979577386477,
      "ci95_high": 0.45480979577386477
    },
    "vpt_lyapunov": {
      "mean": 0.09060000000000001,
      "std": 0.0,
      "min": 0.09060000000000001,
      "max": 0.09060000000000001,
      "n_seeds": 3,
      "ci95_half_width": 0.0,
      "ci95_low": 0.09060000000000001,
      "ci95_high": 0.09060000000000001
    }
  }
}
