{
  "best_epoch": 20,
  "delta_scale_learned": 0.1079179123044014,
  "val": {
    "mse_norm": 0.08436420480314392,
    "mae_raw": 0.21665312938000023,
    "rmse_raw": 0.2643142031701729,
    "r2_raw": -0.3523391710820425,
    "delta_mae_raw": 0.21665312938000023,
    "delta_rmse_raw": 0.2643142031701729,
    "delta_r2_raw": -0.8044156198059143
  },
  "test": {
    "mse_norm": 0.08919582733040948,
    "mae_raw": 0.24527843676822278,
    "rmse_raw": 0.2717776013808203,
    "r2_raw": 0.15373572268018643,
    "delta_mae_raw": 0.24527843676822278,
    "delta_rmse_raw": 0.2717776013808203,
    "delta_r2_raw": -2.397346315543729
  }
}
