{
  "best_epoch": 1,
  "delta_scale_learned": 0.09937016665935516,
  "val": {
    "mse_norm": 0.3250727030626286,
    "mae_raw": 0.4386563629323038,
    "rmse_raw": 0.5188378411470801,
    "r2_raw": -30.427487880810023,
    "delta_mae_raw": 0.4386563629323038,
    "delta_rmse_raw": 0.5188378411470801,
    "delta_r2_raw": -1.788695024951212
  },
  "test": {
    "mse_norm": 0.41567827276598973,
    "mae_raw": 0.5574809031216602,
    "rmse_raw": 0.5867053584871337,
    "r2_raw": -9.460913676289396,
    "delta_mae_raw": 0.5574809031216602,
    "delta_rmse_raw": 0.5867053584871337,
    "delta_r2_raw": -9.70981508787402
  }
}
