{
  "pde": "allen_cahn",
  "seed": 0,
  "regime": "broadband_multiscale",
  "steps": 600,
  "lr": 0.02,
  "n_t_qubits": 4,
  "n_x_qubits": 4,
  "num_layers": 5,
  "n_t_colloc": 28,
  "n_x_colloc": 28,
  "pqc_params": 120,
  "final_loss": 9.096719741821289,
  "mae": 0.5869444776757762,
  "rmse": 0.7969803833028236,
  "relative_l2": 0.8191967266268528
}
