{
  "n_seeds": 1,
  "seeds": [
    0
  ],
  "val": {
    "mse_norm": {
      "mean": 0.0851566395959765,
      "std": NaN,
      "min": 0.0851566395959765,
      "max": 0.0851566395959765,
      "n_seeds": 1,
      "ci95_half_width": NaN,
      "ci95_low": NaN,
      "ci95_high": NaN
    },
    "mae_raw": {
      "mean": 0.21711642655887103,
      "std": NaN,
      "min": 0.21711642655887103,
      "max": 0.21711642655887103,
      "n_seeds": 1,
      "ci95_half_width": NaN,
      "ci95_low": NaN,
      "ci95_high": NaN
    },
    "rmse_raw": {
      "mean": 0.2655526562650582,
      "std": NaN,
      "min": 0.2655526562650582,
      "max": 0.2655526562650582,
      "n_seeds": 1,
      "ci95_half_width": NaN,
      "ci95_low": NaN,
      "ci95_high": NaN
    },
    "r2_raw": {
      "mean": -0.3650417220439863,
      "std": NaN,
      "min": -0.3650417220439863,
      "max": -0.3650417220439863,
      "n_seeds": 1,
      "ci95_half_width": NaN,
      "ci95_low": NaN,
      "ci95_high": NaN
    },
    "delta_mae_raw": {
      "mean": 0.21711642655887103,
      "std": NaN,
      "min": 0.21711642655887103,
      "max": 0.21711642655887103,
      "n_seeds": 1,
      "ci95_half_width": NaN,
      "ci95_low": NaN,
      "ci95_high": NaN
    },
    "delta_rmse_raw": {
      "mean": 0.2655526562650582,
      "std": NaN,
      "min": 0.2655526562650582,
      "max": 0.2655526562650582,
      "n_seeds": 1,
      "ci95_half_width": NaN,
      "ci95_low": NaN,
      "ci95_high": NaN
    },
    "delta_r2_raw": {
      "mean": -0.8213645345879752,
      "std": NaN,
      "min": -0.8213645345879752,
      "max": -0.8213645345879752,
      "n_seeds": 1,
      "ci95_half_width": NaN,
      "ci95_low": NaN,
      "ci95_high": NaN
    }
  },
  "test": {
    "mse_norm": {
      "mean": 0.10150109532942848,
      "std": NaN,
      "min": 0.10150109532942848,
      "max": 0.10150109532942848,
      "n_seeds": 1,
      "ci95_half_width": NaN,
      "ci95_low": NaN,
      "ci95_high": NaN
    },
    "mae_raw": {
      "mean": 0.26231652041556125,
      "std": NaN,
      "min": 0.26231652041556125,
      "max": 0.26231652041556125,
      "n_seeds": 1,
      "ci95_half_width": NaN,
      "ci95_low": NaN,
      "ci95_high": NaN
    },
    "rmse_raw": {
      "mean": 0.2899190525686432,
      "std": NaN,
      "min": 0.2899190525686432,
      "max": 0.2899190525686432,
      "n_seeds": 1,
      "ci95_half_width": NaN,
      "ci95_low": NaN,
      "ci95_high": NaN
    },
    "r2_raw": {
      "mean": 0.036986889891837293,
      "std": NaN,
      "min": 0.036986889891837293,
      "max": 0.036986889891837293,
      "n_seeds": 1,
      "ci95_half_width": NaN,
      "ci95_low": NaN,
      "ci95_high": NaN
    },
    "delta_mae_raw": {
      "mean": 0.26231652041556125,
      "std": NaN,
      "min": 0.26231652041556125,
      "max": 0.26231652041556125,
      "n_seeds": 1,
      "ci95_half_width": NaN,
      "ci95_low": NaN,
      "ci95_high": NaN
    },
    "delta_rmse_raw": {
      "mean": 0.2899190525686432,
      "std": NaN,
      "min": 0.2899190525686432,
      "max": 0.2899190525686432,
      "n_seeds": 1,
      "ci95_half_width": NaN,
      "ci95_low": NaN,
      "ci95_high": NaN
    },
    "delta_r2_raw": {
      "mean": -2.86603703964437,
      "std": NaN,
      "min": -2.86603703964437,
      "max": -2.86603703964437,
      "n_seeds": 1,
      "ci95_half_width": NaN,
      "ci95_low": NaN,
      "ci95_high": NaN
    }
  }
}
