{
  "persistence": {
    "val": {
      "mse_norm": 0.33327434412114293,
      "mae_raw": 0.43948275206417875,
      "rmse_raw": 0.5253422545034031,
      "r2_raw": -31.22040888752879,
      "delta_mae_raw": 0.43948275206417875,
      "delta_rmse_raw": 0.5253422545034031,
      "delta_r2_raw": -1.8590542873587594
    },
    "test": {
      "mse_norm": 0.42572106150342015,
      "mae_raw": 0.5660377225785885,
      "rmse_raw": 0.5937504619206475,
      "r2_raw": -9.713649392670261,
      "delta_mae_raw": 0.5660377225785885,
      "delta_rmse_raw": 0.5937504619206475,
      "delta_r2_raw": -9.968564263357182
    }
  },
  "linear": {
    "val": {
      "mse_norm": 0.6463760242790509,
      "mae_raw": 0.5953449744602729,
      "rmse_raw": 0.7316173765743142,
      "r2_raw": -61.490558198491186,
      "delta_mae_raw": 0.5953449744602729,
      "delta_rmse_raw": 0.7316173765743142,
      "delta_r2_raw": -4.545053725435243
    },
    "test": {
      "mse_norm": 0.6895171117797216,
      "mae_raw": 0.47471698967915665,
      "rmse_raw": 0.7556382204896649,
      "r2_raw": -16.35231176904133,
      "delta_mae_raw": 0.47471698967915665,
      "delta_rmse_raw": 0.7556382204896649,
      "delta_r2_raw": -16.765183438497917
    }
  }
}
