{
  "family": "qcpinn",
  "system": "lorenz",
  "regime": "broadband_multiscale",
  "dim": 3,
  "n_seeds": 3,
  "seeds": [
    0,
    1,
    2
  ],
  "pqc_params": 45,
  "classical_params": 2118,
  "config_str": "per-component: n=5, L=1, Cascade; dim=3",
  "steps": 1500,
  "metrics": {
    "mae": {
      "mean": 13.963841820807898,
      "std": 0.01287709841073455,
      "min": 13.948975223032818,
      "max": 13.971515674107645,
      "n_seeds": 3,
      "ci95_half_width": 0.03199106759412271,
      "ci95_low": 13.931850753213777,
      "ci95_high": 13.99583288840202
    },
    "relative_l2": {
      "mean": 0.9952127592901223,
      "std": 0.0008125902530348317,
      "min": 0.9942744988567344,
      "max": 0.9956891996833626,
      "n_seeds": 3,
      "ci95_half_width": 0.0020187490133252543,
      "ci95_low": 0.9931940102767971,
      "ci95_high": 0.9972315083034475
    },
    "final_loss": {
      "mean": 6.59091854095459,
      "std": 0.16345284809434724,
      "min": 6.46580171585083,
      "max": 6.775854110717773,
      "n_seeds": 3,
      "ci95_half_width": 0.4060721557799955,
      "ci95_low": 6.184846385174595,
      "ci95_high": 6.996990696734585
    }
  }
}
