{
  "best_epoch": 1,
  "val": {
    "mse_norm": 0.0003009838293115307,
    "mae_raw": 0.04954231618480247,
    "rmse_raw": 0.06592576503354738,
    "r2_raw": 0.9531171330126177
  },
  "test": {
    "mse_norm": 0.0004446362751117843,
    "mae_raw": 0.06441356927849529,
    "rmse_raw": 0.08012832091473132,
    "r2_raw": 0.9522846337833686
  }
}
