{
  "best_epoch": 1,
  "val": {
    "mse_norm": 0.0003028394519979282,
    "mae_raw": 0.04970404322851789,
    "rmse_raw": 0.0661286752237642,
    "r2_raw": 0.9528280912000254
  },
  "test": {
    "mse_norm": 0.00044880308695936625,
    "mae_raw": 0.06470302010691446,
    "rmse_raw": 0.08050289793351076,
    "r2_raw": 0.9518374796387519
  }
}
