{
  "n_seeds": 5,
  "seeds": [
    0,
    1,
    2,
    3,
    4
  ],
  "val": {
    "mse_norm": {
      "mean": 0.012103899689396062,
      "std": 0.0018951365878672156,
      "min": 0.009933107617460185,
      "max": 0.014111940182983996,
      "n_seeds": 5
    },
    "mae_raw": {
      "mean": 0.07848439410599793,
      "std": 0.0068984668027879704,
      "min": 0.07032514996149322,
      "max": 0.08541341764005747,
      "n_seeds": 5
    },
    "rmse_raw": {
      "mean": 0.09986661074796332,
      "std": 0.007897736266143752,
      "min": 0.0906951289652249,
      "max": 0.10810225559871099,
      "n_seeds": 5
    },
    "r2_raw": {
      "mean": 0.8918785408955155,
      "std": 0.01692883602315453,
      "min": 0.873941159251662,
      "max": 0.911269746395655,
      "n_seeds": 5
    }
  },
  "test": {
    "mse_norm": {
      "mean": 0.015481666960841212,
      "std": 0.002604854889610776,
      "min": 0.012399374206855624,
      "max": 0.018172163331748807,
      "n_seeds": 5
    },
    "mae_raw": {
      "mean": 0.0928589316467906,
      "std": 0.008131141900617402,
      "min": 0.0832558846750925,
      "max": 0.10156755172929097,
      "n_seeds": 5
    },
    "rmse_raw": {
      "mean": 0.1128960349947568,
      "std": 0.00967300966189236,
      "min": 0.1013307543675519,
      "max": 0.12267179160272007,
      "n_seeds": 5
    },
    "r2_raw": {
      "mean": 0.9047233078457536,
      "std": 0.01603069992731867,
      "min": 0.8881655563373752,
      "max": 0.9236922379095218,
      "n_seeds": 5
    }
  }
}
