{
  "n_seeds": 5,
  "seeds": [
    0,
    1,
    2,
    3,
    4
  ],
  "val": {
    "mse_norm": {
      "mean": 0.08708960998099068,
      "std": 0.0022425489006233775,
      "min": 0.08342965381009741,
      "max": 0.08906217030015266,
      "n_seeds": 5,
      "ci95_half_width": 0.0027844922341154787,
      "ci95_low": 0.0843051177468752,
      "ci95_high": 0.08987410221510615
    },
    "mae_raw": {
      "mean": 0.21889934449133114,
      "std": 0.0033210298994812947,
      "min": 0.21385460059893752,
      "max": 0.22284452850881367,
      "n_seeds": 5,
      "ci95_half_width": 0.004123603263144189,
      "ci95_low": 0.21477574122818696,
      "ci95_high": 0.22302294775447531
    },
    "rmse_raw": {
      "mean": 0.2685316238348909,
      "std": 0.003477252121829108,
      "min": 0.2628461457205368,
      "max": 0.2715739001184694,
      "n_seeds": 5,
      "ci95_half_width": 0.0043175787723528525,
      "ci95_low": 0.26421404506253804,
      "ci95_high": 0.2728492026072437
    },
    "r2_raw": {
      "mean": -0.3960268012525886,
      "std": 0.0359475529752986,
      "min": -0.4276464981743979,
      "max": -0.33735852949098577,
      "n_seeds": 5,
      "ci95_half_width": 0.044634782352950875,
      "ci95_low": -0.4406615836055395,
      "ci95_high": -0.3513920188996377
    },
    "delta_mae_raw": {
      "mean": 0.21889934449133114,
      "std": 0.0033210298994812947,
      "min": 0.21385460059893752,
      "max": 0.22284452850881367,
      "n_seeds": 5,
      "ci95_half_width": 0.004123603263144189,
      "ci95_low": 0.21477574122818696,
      "ci95_high": 0.22302294775447531
    },
    "delta_rmse_raw": {
      "mean": 0.2685316238348909,
      "std": 0.003477252121829108,
      "min": 0.2628461457205368,
      "max": 0.2715739001184694,
      "n_seeds": 5,
      "ci95_half_width": 0.0043175787723528525,
      "ci95_low": 0.26421404506253804,
      "ci95_high": 0.2728492026072437
    },
    "delta_r2_raw": {
      "mean": -0.8627076843690988,
      "std": 0.04796453986504711,
      "min": -0.9048975996206037,
      "max": -0.7844270664461914,
      "n_seeds": 5,
      "ci95_half_width": 0.05955584234083822,
      "ci95_low": -0.922263526709937,
      "ci95_high": -0.8031518420282606
    }
  },
  "test": {
    "mse_norm": {
      "mean": 0.10376484711885696,
      "std": 0.0034121712986717226,
      "min": 0.09911661410211056,
      "max": 0.10715007667951482,
      "n_seeds": 5,
      "ci95_half_width": 0.004236770257264861,
      "ci95_low": 0.0995280768615921,
      "ci95_high": 0.10800161737612182
    },
    "mae_raw": {
      "mean": 0.2652595786175257,
      "std": 0.004253538238376667,
      "min": 0.25897701535426393,
      "max": 0.26952378756563417,
      "n_seeds": 5,
      "ci95_half_width": 0.005281465295575368,
      "ci95_low": 0.2599781133219503,
      "ci95_high": 0.2705410439131011
    },
    "rmse_raw": {
      "mean": 0.2931022976991372,
      "std": 0.004836447897447418,
      "min": 0.2864933998156986,
      "max": 0.29787745550529027,
      "n_seeds": 5,
      "ci95_half_width": 0.006005243233448749,
      "ci95_low": 0.28709705446568845,
      "ci95_high": 0.29910754093258596
    },
    "r2_raw": {
      "mean": 0.015509065990774484,
      "std": 0.03237369689352447,
      "min": -0.016609015464982946,
      "max": 0.05961015986997098,
      "n_seeds": 5,
      "ci95_half_width": 0.04019725392145038,
      "ci95_low": -0.02468818793067589,
      "ci95_high": 0.05570631991222486
    },
    "delta_mae_raw": {
      "mean": 0.2652595786175257,
      "std": 0.004253538238376667,
      "min": 0.25897701535426393,
      "max": 0.26952378756563417,
      "n_seeds": 5,
      "ci95_half_width": 0.005281465295575368,
      "ci95_low": 0.2599781133219503,
      "ci95_high": 0.2705410439131011
    },
    "delta_rmse_raw": {
      "mean": 0.2931022976991372,
      "std": 0.004836447897447418,
      "min": 0.2864933998156986,
      "max": 0.29787745550529027,
      "n_seeds": 5,
      "ci95_half_width": 0.006005243233448749,
      "ci95_low": 0.28709705446568845,
      "ci95_high": 0.29910754093258596
    },
    "delta_r2_raw": {
      "mean": -2.9522602300255913,
      "std": 0.12996490908262717,
      "min": -3.081198965383334,
      "max": -2.775215431116615,
      "n_seeds": 5,
      "ci95_half_width": 0.16137274863772355,
      "ci95_low": -3.113632978663315,
      "ci95_high": -2.790887481387868
    }
  }
}
