{
  "n_seeds": 5,
  "seeds": [
    0,
    1,
    2,
    3,
    4
  ],
  "val": {
    "mse_norm": {
      "mean": 0.0005643630859351569,
      "std": 0.0002821196630815099,
      "min": 0.0002494802067375603,
      "max": 0.000849611365284255,
      "n_seeds": 5
    },
    "mae_raw": {
      "mean": 0.06877024813131852,
      "std": 0.019823787010234625,
      "min": 0.04590261476961048,
      "max": 0.08830505325035615,
      "n_seeds": 5
    },
    "rmse_raw": {
      "mean": 0.08777488767530157,
      "std": 0.023584212264029975,
      "min": 0.06002078127857357,
      "max": 0.11076275599092253,
      "n_seeds": 5
    },
    "r2_raw": {
      "mean": 0.9120917573844125,
      "std": 0.04394448256250177,
      "min": 0.8676599446531658,
      "max": 0.9611396154563656,
      "n_seeds": 5
    }
  },
  "test": {
    "mse_norm": {
      "mean": 0.0006155708692927328,
      "std": 0.00022787792344983765,
      "min": 0.0003404236098770745,
      "max": 0.0008676875290731387,
      "n_seeds": 5
    },
    "mae_raw": {
      "mean": 0.07714831169261491,
      "std": 0.01371613703979946,
      "min": 0.06020048385442688,
      "max": 0.09246615129847861,
      "n_seeds": 5
    },
    "rmse_raw": {
      "mean": 0.09286728522800627,
      "std": 0.018183463880927203,
      "min": 0.07011217388317775,
      "max": 0.11193483782905178,
      "n_seeds": 5
    },
    "r2_raw": {
      "mean": 0.9339410859961695,
      "std": 0.02445432183274045,
      "min": 0.9068856264574453,
      "max": 0.9634680341589571,
      "n_seeds": 5
    }
  }
}
