{
  "n_seeds": 5,
  "seeds": [
    0,
    1,
    2,
    3,
    4
  ],
  "val": {
    "mse_norm": {
      "mean": 0.0005643630859351569,
      "std": 0.00025233549777583755,
      "min": 0.0002494802067375603,
      "max": 0.000849611365284255,
      "n_seeds": 5
    },
    "mae_raw": {
      "mean": 0.06877024813131852,
      "std": 0.017730934130544777,
      "min": 0.04590261476961048,
      "max": 0.08830505325035615,
      "n_seeds": 5
    },
    "rmse_raw": {
      "mean": 0.08777488767530157,
      "std": 0.021094360727262097,
      "min": 0.06002078127857357,
      "max": 0.11076275599092253,
      "n_seeds": 5
    },
    "r2_raw": {
      "mean": 0.9120917573844125,
      "std": 0.03930514009832324,
      "min": 0.8676599446531658,
      "max": 0.9611396154563656,
      "n_seeds": 5
    }
  },
  "test": {
    "mse_norm": {
      "mean": 0.0006155708692927328,
      "std": 0.00020382021096213216,
      "min": 0.0003404236098770745,
      "max": 0.0008676875290731387,
      "n_seeds": 5
    },
    "mae_raw": {
      "mean": 0.07714831169261491,
      "std": 0.012268085923877733,
      "min": 0.06020048385442688,
      "max": 0.09246615129847861,
      "n_seeds": 5
    },
    "rmse_raw": {
      "mean": 0.09286728522800627,
      "std": 0.016263784521666148,
      "min": 0.07011217388317775,
      "max": 0.11193483782905178,
      "n_seeds": 5
    },
    "r2_raw": {
      "mean": 0.9339410859961695,
      "std": 0.021872610384665956,
      "min": 0.9068856264574453,
      "max": 0.9634680341589571,
      "n_seeds": 5
    }
  }
}
