{
  "family": "qcpinn",
  "system": "lorenz",
  "seed": 0,
  "dim": 3,
  "regime": "broadband_multiscale",
  "steps": 1500,
  "lr": 0.02,
  "n_colloc": 60,
  "pqc_params": 45,
  "classical_params": 2118,
  "per_component_pqc_params": 15,
  "config_str": "per-component: n=5, L=1, Cascade; dim=3",
  "final_loss": 6.531099796295166,
  "mae": 13.971034565283231,
  "mae_per_component": [
    7.995701450827537,
    9.061247557616234,
    24.856154687405944
  ],
  "relative_l2": 0.9956891996833626
}
