{
  "n_seeds": 5,
  "seeds": [
    0,
    1,
    2,
    3,
    4
  ],
  "val": {
    "mse_norm": {
      "mean": 0.0836926110993232,
      "std": 0.010976323435676142,
      "min": 0.07054338240827986,
      "max": 0.10024346094263255,
      "n_seeds": 5,
      "ci95_half_width": 0.013628905642719315,
      "ci95_low": 0.07006370545660388,
      "ci95_high": 0.09732151674204252
    },
    "mae_raw": {
      "mean": 0.2156444324474585,
      "std": 0.011577308370766377,
      "min": 0.20005866458541469,
      "max": 0.2322287857218792,
      "n_seeds": 5,
      "ci95_half_width": 0.014375127000083686,
      "ci95_low": 0.2012693054473748,
      "ci95_high": 0.2300195594475422
    },
    "rmse_raw": {
      "mean": 0.2628146961540817,
      "std": 0.01711310670170845,
      "min": 0.24169603838767517,
      "max": 0.28811735457378124,
      "n_seeds": 5,
      "ci95_half_width": 0.021248728488930946,
      "ci95_low": 0.24156596766515076,
      "ci95_high": 0.28406342464301265
    },
    "r2_raw": {
      "mean": -0.3415736755161437,
      "std": 0.17594798850018303,
      "min": -0.6068800647606278,
      "max": -0.13079450596305042,
      "n_seeds": 5,
      "ci95_half_width": 0.21846828287704717,
      "ci95_low": -0.5600419583931908,
      "ci95_high": -0.12310539263909653
    },
    "delta_mae_raw": {
      "mean": 0.2156444324474585,
      "std": 0.011577308370766377,
      "min": 0.20005866458541469,
      "max": 0.2322287857218792,
      "n_seeds": 5,
      "ci95_half_width": 0.014375127000083686,
      "ci95_low": 0.2012693054473748,
      "ci95_high": 0.2300195594475422
    },
    "delta_rmse_raw": {
      "mean": 0.2628146961540817,
      "std": 0.01711310670170845,
      "min": 0.24169603838767517,
      "max": 0.28811735457378124,
      "n_seeds": 5,
      "ci95_half_width": 0.021248728488930946,
      "ci95_low": 0.24156596766515076,
      "ci95_high": 0.28406342464301265
    },
    "delta_r2_raw": {
      "mean": -0.7900513029470629,
      "std": 0.23476603023273737,
      "min": -1.1440475510953854,
      "max": -0.5088102992075898,
      "n_seeds": 5,
      "ci95_half_width": 0.29150052774120644,
      "ci95_low": -1.0815518306882694,
      "ci95_high": -0.4985507752058565
    }
  },
  "test": {
    "mse_norm": {
      "mean": 0.09621507829078388,
      "std": 0.01751921924177621,
      "min": 0.07551633547917522,
      "max": 0.1212613460387918,
      "n_seeds": 5,
      "ci95_half_width": 0.021752983809152165,
      "ci95_low": 0.07446209448163171,
      "ci95_high": 0.11796806209993604
    },
    "mae_raw": {
      "mean": 0.2545604191766658,
      "std": 0.02322720912771826,
      "min": 0.22589712032130063,
      "max": 0.2869471601701118,
      "n_seeds": 5,
      "ci95_half_width": 0.028840389352637618,
      "ci95_low": 0.22572002982402817,
      "ci95_high": 0.2834008085293034
    },
    "rmse_raw": {
      "mean": 0.28134622886007715,
      "std": 0.025495240703197735,
      "min": 0.25007014497997354,
      "max": 0.31688565864476015,
      "n_seeds": 5,
      "ci95_half_width": 0.03165652250669984,
      "ci95_low": 0.2496897063533773,
      "ci95_high": 0.313002751366777
    },
    "r2_raw": {
      "mean": 0.0871390945744401,
      "std": 0.16621729799006554,
      "min": -0.1504926681403187,
      "max": 0.2835227949240948,
      "n_seeds": 5,
      "ci95_half_width": 0.20638603479297127,
      "ci95_low": -0.11924694021853116,
      "ci95_high": 0.2935251293674114
    },
    "delta_mae_raw": {
      "mean": 0.2545604191766658,
      "std": 0.02322720912771826,
      "min": 0.22589712032130063,
      "max": 0.2869471601701118,
      "n_seeds": 5,
      "ci95_half_width": 0.028840389352637618,
      "ci95_low": 0.22572002982402817,
      "ci95_high": 0.2834008085293034
    },
    "delta_rmse_raw": {
      "mean": 0.28134622886007715,
      "std": 0.025495240703197735,
      "min": 0.25007014497997354,
      "max": 0.31688565864476015,
      "n_seeds": 5,
      "ci95_half_width": 0.03165652250669984,
      "ci95_low": 0.2496897063533773,
      "ci95_high": 0.313002751366777
    },
    "delta_r2_raw": {
      "mean": -2.6646999250323047,
      "std": 0.6672829517212115,
      "min": -3.6186777959545964,
      "max": -1.876313296060128,
      "n_seeds": 5,
      "ci95_half_width": 0.8285412177673688,
      "ci95_low": -3.4932411427996737,
      "ci95_high": -1.836158707264936
    }
  }
}
