{
  "system": "lorenz",
  "model": "chebyshev_dqc",
  "regime": "broadband_multiscale",
  "n_seeds": 3,
  "seeds": [
    0,
    1,
    2
  ],
  "pqc_params": 180,
  "classical_params": 0,
  "config_str": "per-component: n=4, L=5; dim=3",
  "steps": 1200,
  "metrics": {
    "mae": {
      "mean": 14.347281756431192,
      "std": 0.04155689471273611,
      "min": 14.322083390981286,
      "max": 14.39524698618087,
      "n_seeds": 3,
      "ci95_half_width": 0.10324138135410471,
      "ci95_low": 14.244040375077088,
      "ci95_high": 14.450523137785297
    },
    "relative_l2": {
      "mean": 0.9975259142550419,
      "std": 0.0009030078824528992,
      "min": 0.9969457208031054,
      "max": 0.9985663141893997,
      "n_seeds": 3,
      "ci95_half_width": 0.0022433769847945454,
      "ci95_low": 0.9952825372702473,
      "ci95_high": 0.9997692912398365
    },
    "final_loss": {
      "mean": 2.9824636777242026,
      "std": 0.4320104916317144,
      "min": 2.669372320175171,
      "max": 3.475332736968994,
      "n_seeds": 3,
      "ci95_half_width": 1.0732601707570544,
      "ci95_low": 1.9092035069671482,
      "ci95_high": 4.055723848481257
    },
    "relative_l2_predict_mean_baseline": {
      "mean": 0.353793945152362,
      "std": 0.0,
      "min": 0.353793945152362,
      "max": 0.353793945152362,
      "n_seeds": 3,
      "ci95_half_width": 0.0,
      "ci95_low": 0.353793945152362,
      "ci95_high": 0.353793945152362
    }
  },
  "audit_reason": ""
}
