{
  "family": "te_qpinn_qnn",
  "ode": "expdecay",
  "n_seeds": 3,
  "seeds": [
    0,
    1,
    2
  ],
  "pqc_params": 84,
  "classical_params": 0,
  "config_str": "n=4, L_var=5, K_embed=3",
  "steps": 2000,
  "metrics": {
    "mae": {
      "mean": 0.05833024283250173,
      "std": 4.7972965925844125e-05,
      "min": 0.058276187628507614,
      "max": 0.05836775526404381,
      "n_seeds": 3,
      "ci95_half_width": 0.00011918107221615,
      "ci95_low": 0.05821106176028558,
      "ci95_high": 0.058449423904717884
    },
    "rmse": {
      "mean": 0.07450474798679352,
      "std": 2.4182537113230516e-05,
      "min": 0.07447920739650726,
      "max": 0.07452729344367981,
      "n_seeds": 3,
      "ci95_half_width": 6.0077600924586575e-05,
      "ci95_low": 0.07444467038586892,
      "ci95_high": 0.07456482558771811
    },
    "final_loss": {
      "mean": 0.039067599922418594,
      "std": 5.516923511430903e-06,
      "min": 0.039061516523361206,
      "max": 0.03907227888703346,
      "n_seeds": 3,
      "ci95_half_width": 1.3705903871843063e-05,
      "ci95_low": 0.03905389401854675,
      "ci95_high": 0.039081305826290436
    }
  }
}
