{
  "best_epoch": 70,
  "delta_scale_learned": 0.09964299947023392,
  "val": {
    "mse_norm": 0.07235310304120621,
    "mae_raw": 0.20089480194606277,
    "rmse_raw": 0.244776642326066,
    "r2_raw": -0.15980391944987637,
    "delta_mae_raw": 0.20089480194606277,
    "delta_rmse_raw": 0.244776642326066,
    "delta_r2_raw": -0.5475173336086969
  },
  "test": {
    "mse_norm": 0.07885768447692713,
    "mae_raw": 0.2299965813797964,
    "rmse_raw": 0.25554265498218365,
    "r2_raw": 0.25182103958994406,
    "delta_mae_raw": 0.2299965813797964,
    "delta_rmse_raw": 0.25554265498218365,
    "delta_r2_raw": -2.0035806811633328
  }
}
