{
  "best_epoch": 10,
  "delta_scale_learned": 0.10370033979415894,
  "val": {
    "mse_norm": 0.885123607395726,
    "mae_raw": 0.8413632681694899,
    "rmse_raw": 0.8561371731705152,
    "r2_raw": -898.4873957813937,
    "delta_mae_raw": 0.8413632681694899,
    "delta_rmse_raw": 0.8561371731705152,
    "delta_r2_raw": -45.44644673369593
  },
  "test": {
    "mse_norm": 1.4129801418782122,
    "mae_raw": 1.0630907299939323,
    "rmse_raw": 1.0817064553238773,
    "r2_raw": -1093.3549488145336,
    "delta_mae_raw": 1.0630907299939323,
    "delta_rmse_raw": 1.0817064553238773,
    "delta_r2_raw": -29.286035586774616
  }
}
