{
  "best_epoch": 1,
  "val": {
    "mse_norm": 0.08352627698174911,
    "mae_raw": 0.21534503496006907,
    "rmse_raw": 0.262998307919626,
    "r2_raw": -0.33890737713512165,
    "delta_mae_raw": 0.21534503496006907,
    "delta_rmse_raw": 0.262998307919626,
    "delta_r2_raw": -0.7864936817905821
  },
  "test": {
    "mse_norm": 0.10447018118140676,
    "mae_raw": 0.26628945659583714,
    "rmse_raw": 0.294128810279311,
    "r2_raw": 0.008817059889394518,
    "delta_mae_raw": 0.26628945659583714,
    "delta_rmse_raw": 0.294128810279311,
    "delta_r2_raw": -2.97912543381763
  }
}
