{
  "n_seeds": 5,
  "seeds": [
    0,
    1,
    2,
    3,
    4
  ],
  "val": {
    "mse_norm": {
      "mean": 0.0005658769838557994,
      "std": 0.0002802430183126044,
      "min": 0.0002530459923943558,
      "max": 0.0008415633805864863,
      "n_seeds": 5
    },
    "mae_raw": {
      "mean": 0.06881221788850697,
      "std": 0.01966341851668215,
      "min": 0.04618591056628662,
      "max": 0.08759359710595824,
      "n_seeds": 5
    },
    "rmse_raw": {
      "mean": 0.08793150803319255,
      "std": 0.023433777488017612,
      "min": 0.06044819377098457,
      "max": 0.11023690496230772,
      "n_seeds": 5
    },
    "r2_raw": {
      "mean": 0.9118559444671263,
      "std": 0.04365216623678942,
      "min": 0.8689135422200684,
      "max": 0.9605841894222313,
      "n_seeds": 5
    }
  },
  "test": {
    "mse_norm": {
      "mean": 0.0005720884933318236,
      "std": 0.00023815661521877157,
      "min": 0.0002884262825593279,
      "max": 0.000872088832733396,
      "n_seeds": 5
    },
    "mae_raw": {
      "mean": 0.07407755241837613,
      "std": 0.015013452299805762,
      "min": 0.0557517565960108,
      "max": 0.09281447044638705,
      "n_seeds": 5
    },
    "rmse_raw": {
      "mean": 0.08918853940368962,
      "std": 0.019569181215243675,
      "min": 0.06453584678422293,
      "max": 0.11221837079850268,
      "n_seeds": 5
    },
    "r2_raw": {
      "mean": 0.9386073213194625,
      "std": 0.025557361709231043,
      "min": 0.9064133082330113,
      "max": 0.9690480366331784,
      "n_seeds": 5
    }
  }
}
