{
  "system": "lotka_volterra",
  "family": "non_liquid_data_reuploading",
  "seed": 1,
  "n_train_points": 560,
  "n_test_points": 240,
  "trainable_params": 39,
  "sampled_dt": 0.1,
  "rollout_steps": 200,
  "dt_step": 0.1,
  "relative_l2": 0.7950986417536455,
  "vpt_step": 49,
  "vpt_time": 4.9,
  "vpt_lyapunov": null,
  "spectral_error": 0.8182961801471518,
  "invariant_drift_final": 0.3538390686337607,
  "persistence_floor_relative_l2": 0.8837616584035011,
  "train_loss_history": [
    0.05873874947428703,
    0.04287198930978775,
    0.03141326084733009,
    0.022952809929847717,
    0.016209175810217857
  ]
}
