{
  "system": "lorenz",
  "family": "strongly_entangling",
  "seed": 0,
  "n_train_points": 560,
  "n_test_points": 240,
  "trainable_params": 52,
  "sampled_dt": 0.05,
  "rollout_steps": 200,
  "dt_step": 0.05,
  "relative_l2": 1.026861375620766,
  "vpt_step": 2,
  "vpt_time": 0.1,
  "vpt_lyapunov": 0.09060000000000001,
  "spectral_error": 2.1212133344099007,
  "invariant_drift_final": null,
  "persistence_floor_relative_l2": 0.45480979577386477,
  "train_loss_history": [
    10.21035099029541,
    10.007622718811035,
    9.751592636108398,
    9.42265796661377,
    9.004560470581055
  ]
}
