{
  "n_seeds": 5,
  "seeds": [
    0,
    1,
    2,
    3,
    4
  ],
  "val": {
    "mse_norm": {
      "mean": 0.08272906028598088,
      "std": 0.006313003092714198,
      "min": 0.07149675709574858,
      "max": 0.0865946480798789,
      "n_seeds": 5,
      "ci95_half_width": 0.00783862866077224,
      "ci95_low": 0.07489043162520864,
      "ci95_high": 0.09056768894675313
    },
    "mae_raw": {
      "mean": 0.21363080599433495,
      "std": 0.00720103323509237,
      "min": 0.20090913421229303,
      "max": 0.21838339404055943,
      "n_seeds": 5,
      "ci95_half_width": 0.008941263717882977,
      "ci95_low": 0.20468954227645197,
      "ci95_high": 0.22257206971221793
    },
    "rmse_raw": {
      "mean": 0.26157941856040967,
      "std": 0.010255645300197186,
      "min": 0.24332378541973526,
      "max": 0.2677854142311484,
      "n_seeds": 5,
      "ci95_half_width": 0.01273406554760248,
      "ci95_low": 0.2488453530128072,
      "ci95_high": 0.27431348410801215
    },
    "r2_raw": {
      "mean": -0.32612817334788036,
      "std": 0.10119601541151911,
      "min": -0.3880926736373458,
      "max": -0.14607688712921507,
      "n_seeds": 5,
      "ci95_half_width": 0.12565144909815654,
      "ci95_low": -0.45177962244603687,
      "ci95_high": -0.20047672424972382
    },
    "delta_mae_raw": {
      "mean": 0.21363080599433495,
      "std": 0.00720103323509237,
      "min": 0.20090913421229303,
      "max": 0.21838339404055943,
      "n_seeds": 5,
      "ci95_half_width": 0.008941263717882977,
      "ci95_low": 0.20468954227645197,
      "ci95_high": 0.22257206971221793
    },
    "delta_rmse_raw": {
      "mean": 0.26157941856040967,
      "std": 0.010255645300197186,
      "min": 0.24332378541973526,
      "max": 0.2677854142311484,
      "n_seeds": 5,
      "ci95_half_width": 0.01273406554760248,
      "ci95_low": 0.2488453530128072,
      "ci95_high": 0.27431348410801215
    },
    "delta_r2_raw": {
      "mean": -0.7694424897409343,
      "std": 0.13502505493837194,
      "min": -0.852121239707422,
      "max": -0.529201461331505,
      "n_seeds": 5,
      "ci95_half_width": 0.16765574957246182,
      "ci95_low": -0.9370982393133962,
      "ci95_high": -0.6017867401684724
    }
  },
  "test": {
    "mse_norm": {
      "mean": 0.09731498865827093,
      "std": 0.017268233208339562,
      "min": 0.06706306353422666,
      "max": 0.1102191226312613,
      "n_seeds": 5,
      "ci95_half_width": 0.02144134348738191,
      "ci95_low": 0.07587364517088901,
      "ci95_high": 0.11875633214565284
    },
    "mae_raw": {
      "mean": 0.25551243996955975,
      "std": 0.025290364894395862,
      "min": 0.21104925091837487,
      "max": 0.27400823200252694,
      "n_seeds": 5,
      "ci95_half_width": 0.03140213559080768,
      "ci95_low": 0.22411030437875207,
      "ci95_high": 0.2869145755603674
    },
    "rmse_raw": {
      "mean": 0.28286106367601055,
      "std": 0.02683656004385723,
      "min": 0.2356584878859513,
      "max": 0.30211331558034227,
      "n_seeds": 5,
      "ci95_half_width": 0.03332199044209115,
      "ci95_low": 0.24953907323391938,
      "ci95_high": 0.3161830541181017
    },
    "r2_raw": {
      "mean": 0.07670346232440259,
      "std": 0.16383601491258687,
      "min": -0.045727238056216146,
      "max": 0.36372500042615497,
      "n_seeds": 5,
      "ci95_half_width": 0.20342928132613414,
      "ci95_low": -0.12672581900173155,
      "ci95_high": 0.28013274365053675
    },
    "delta_mae_raw": {
      "mean": 0.25551243996955975,
      "std": 0.025290364894395862,
      "min": 0.21104925091837487,
      "max": 0.27400823200252694,
      "n_seeds": 5,
      "ci95_half_width": 0.03140213559080768,
      "ci95_low": 0.22411030437875207,
      "ci95_high": 0.2869145755603674
    },
    "delta_rmse_raw": {
      "mean": 0.28286106367601055,
      "std": 0.02683656004385723,
      "min": 0.2356584878859513,
      "max": 0.30211331558034227,
      "n_seeds": 5,
      "ci95_half_width": 0.03332199044209115,
      "ci95_low": 0.24953907323391938,
      "ci95_high": 0.3161830541181017
    },
    "delta_r2_raw": {
      "mean": -2.706593997280419,
      "std": 0.657723239103824,
      "min": -3.1980947021959647,
      "max": -1.5543398007072886,
      "n_seeds": 5,
      "ci95_half_width": 0.8166712667771845,
      "ci95_low": -3.5232652640576037,
      "ci95_high": -1.8899227305032344
    }
  }
}
