{
  "family": "te_qpinn_fnn",
  "ode": "expdecay",
  "seed": 0,
  "steps": 1500,
  "lr": 0.02,
  "n_colloc": 60,
  "pqc_params": 60,
  "classical_params": 100,
  "config_str": "n=4, L=5, H_fnn=16",
  "final_loss": 2.081329694192391e-05,
  "mae": 0.0003950010286644101,
  "rmse": 0.0005025635473430157
}
