{
  "best_epoch": 1,
  "val": {
    "mse_norm": 0.08838912216035803,
    "mae_raw": 0.22013013773842868,
    "rmse_raw": 0.2705458039981261,
    "r2_raw": -0.41685768832794734,
    "delta_mae_raw": 0.22013013773842868,
    "delta_rmse_raw": 0.2705458039981261,
    "delta_r2_raw": -0.8905021746988548
  },
  "test": {
    "mse_norm": 0.10746360066205855,
    "mae_raw": 0.26990547680518995,
    "rmse_raw": 0.2983129358714614,
    "r2_raw": -0.01958364056181594,
    "delta_mae_raw": 0.26990547680518995,
    "delta_rmse_raw": 0.2983129358714614,
    "delta_r2_raw": -3.0931406624201685
  }
}
