{
  "best_epoch": 10,
  "val": {
    "mse_norm": 0.08099649875740356,
    "mae_raw": 0.21077317620578562,
    "rmse_raw": 0.2589849428461158,
    "r2_raw": -0.29835560289727114,
    "delta_mae_raw": 0.21077317620578562,
    "delta_rmse_raw": 0.2589849428461158,
    "delta_r2_raw": -0.732385765366721
  },
  "test": {
    "mse_norm": 0.092720337197529,
    "mae_raw": 0.24972147222975605,
    "rmse_raw": 0.2770951302951276,
    "r2_raw": 0.12029618985814416,
    "delta_mae_raw": 0.24972147222975605,
    "delta_rmse_raw": 0.2770951302951276,
    "delta_r2_raw": -2.5315900461030143
  }
}
