{
  "n_seeds": 5,
  "seeds": [
    0,
    1,
    2,
    3,
    4
  ],
  "val": {
    "mse_norm": {
      "mean": 0.08626410164024334,
      "std": 0.007664437258763617,
      "min": 0.07544734706005192,
      "max": 0.09585371100650034,
      "n_seeds": 5,
      "ci95_half_width": 0.00951665581069833,
      "ci95_low": 0.07674744582954501,
      "ci95_high": 0.09578075745094167
    },
    "mae_raw": {
      "mean": 0.21836040474866564,
      "std": 0.007503483464965667,
      "min": 0.20676805645227433,
      "max": 0.22744236833170836,
      "n_seeds": 5,
      "ci95_half_width": 0.009316805279565105,
      "ci95_low": 0.20904359946910053,
      "ci95_high": 0.22767721002823074
    },
    "rmse_raw": {
      "mean": 0.267060021911132,
      "std": 0.011950275368750703,
      "min": 0.24995589230988127,
      "max": 0.28173827940924695,
      "n_seeds": 5,
      "ci95_half_width": 0.01483822669399896,
      "ci95_low": 0.252221795217133,
      "ci95_high": 0.28189824860513096
    },
    "r2_raw": {
      "mean": -0.3827940887787085,
      "std": 0.1228592002201917,
      "min": -0.5365133635780759,
      "max": -0.20940395303444514,
      "n_seeds": 5,
      "ci95_half_width": 0.15254984576152,
      "ci95_low": -0.5353439345402285,
      "ci95_high": -0.23024424301718852
    },
    "delta_mae_raw": {
      "mean": 0.21836040474866564,
      "std": 0.007503483464965667,
      "min": 0.20676805645227433,
      "max": 0.22744236833170836,
      "n_seeds": 5,
      "ci95_half_width": 0.009316805279565105,
      "ci95_low": 0.20904359946910053,
      "ci95_high": 0.22767721002823074
    },
    "delta_rmse_raw": {
      "mean": 0.267060021911132,
      "std": 0.011950275368750703,
      "min": 0.24995589230988127,
      "max": 0.28173827940924695,
      "n_seeds": 5,
      "ci95_half_width": 0.01483822669399896,
      "ci95_low": 0.252221795217133,
      "ci95_high": 0.28189824860513096
    },
    "delta_r2_raw": {
      "mean": -0.8450513792121868,
      "std": 0.16393007364919912,
      "min": -1.0501578099393853,
      "max": -0.6136982719832638,
      "n_seeds": 5,
      "ci95_half_width": 0.2035460706731021,
      "ci95_low": -1.0485974498852888,
      "ci95_high": -0.6415053085390847
    }
  },
  "test": {
    "mse_norm": {
      "mean": 0.09977256201115513,
      "std": 0.012766253220185922,
      "min": 0.08385745408636595,
      "max": 0.11631675508701478,
      "n_seeds": 5,
      "ci95_half_width": 0.015851397015457732,
      "ci95_low": 0.08392116499569739,
      "ci95_high": 0.11562395902661286
    },
    "mae_raw": {
      "mean": 0.2594381972366655,
      "std": 0.01661504379501568,
      "min": 0.23888525277795924,
      "max": 0.2808212200688644,
      "n_seeds": 5,
      "ci95_half_width": 0.020630301708849812,
      "ci95_low": 0.2388078955278157,
      "ci95_high": 0.28006849894551533
    },
    "rmse_raw": {
      "mean": 0.2869693671164672,
      "std": 0.018379368127461895,
      "min": 0.2635191790532894,
      "max": 0.3103577047336781,
      "n_seeds": 5,
      "ci95_half_width": 0.022820999713603168,
      "ci95_low": 0.264148367402864,
      "ci95_high": 0.3097903668300704
    },
    "r2_raw": {
      "mean": 0.05338671534547823,
      "std": 0.12112252757567184,
      "min": -0.10357981567080565,
      "max": 0.20438466793520427,
      "n_seeds": 5,
      "ci95_half_width": 0.15039348186215434,
      "ci95_low": -0.09700676651667611,
      "ci95_high": 0.20378019720763257
    },
    "delta_mae_raw": {
      "mean": 0.2594381972366655,
      "std": 0.01661504379501568,
      "min": 0.23888525277795924,
      "max": 0.2808212200688644,
      "n_seeds": 5,
      "ci95_half_width": 0.020630301708849812,
      "ci95_low": 0.2388078955278157,
      "ci95_high": 0.28006849894551533
    },
    "delta_rmse_raw": {
      "mean": 0.2869693671164672,
      "std": 0.018379368127461895,
      "min": 0.2635191790532894,
      "max": 0.3103577047336781,
      "n_seeds": 5,
      "ci95_half_width": 0.022820999713603168,
      "ci95_low": 0.264148367402864,
      "ci95_high": 0.3097903668300704
    },
    "delta_r2_raw": {
      "mean": -2.8001995842847465,
      "std": 0.4862490167868017,
      "min": -3.4303451311353834,
      "max": -2.1940150251183828,
      "n_seeds": 5,
      "ci95_half_width": 0.6037578983061493,
      "ci95_low": -3.403957482590896,
      "ci95_high": -2.196441685978597
    }
  }
}
