{
  "family": "qcpinn",
  "ode": "logistic",
  "n_seeds": 3,
  "seeds": [
    0,
    1,
    2
  ],
  "pqc_params": 15,
  "classical_params": 706,
  "config_str": "n=5, L=1, Cascade",
  "steps": 1500,
  "metrics": {
    "mae": {
      "mean": 0.0013836818592001994,
      "std": 0.0002715640213653636,
      "min": 0.001140860258601606,
      "max": 0.0016769218491390347,
      "n_seeds": 3,
      "ci95_half_width": 0.0006746568742838054,
      "ci95_low": 0.0007090249849163939,
      "ci95_high": 0.0020583387334840047
    },
    "rmse": {
      "mean": 0.0018685961452623208,
      "std": 0.0003831774176786383,
      "min": 0.0014659734442830086,
      "max": 0.0022287978790700436,
      "n_seeds": 3,
      "ci95_half_width": 0.0009519422993055667,
      "ci95_low": 0.0009166538459567541,
      "ci95_high": 0.0028205384445678873
    },
    "final_loss": {
      "mean": 9.844883364470054e-05,
      "std": 3.296766406051323e-05,
      "min": 6.341985135804862e-05,
      "max": 0.00012887048069387674,
      "n_seeds": 3,
      "ci95_half_width": 8.190282746468866e-05,
      "ci95_low": 1.654600618001188e-05,
      "ci95_high": 0.00018035166110938922
    }
  }
}
