{
  "best_epoch": 1,
  "val": {
    "mse_norm": 0.09218171953905764,
    "mae_raw": 0.22435689447741755,
    "rmse_raw": 0.27628912745581147,
    "r2_raw": -0.477652168727855,
    "delta_mae_raw": 0.22435689447741755,
    "delta_rmse_raw": 0.27628912745581147,
    "delta_r2_raw": -0.9716197762424126
  },
  "test": {
    "mse_norm": 0.10822495666932706,
    "mae_raw": 0.2704019903129255,
    "rmse_raw": 0.29936781159281256,
    "r2_raw": -0.02680716671273653,
    "delta_mae_raw": 0.2704019903129255,
    "delta_rmse_raw": 0.29936781159281256,
    "delta_r2_raw": -3.122139664991548
  }
}
