{
  "best_epoch": 10,
  "delta_scale_learned": 0.10530315339565277,
  "val": {
    "mse_norm": 0.0786799770927808,
    "mae_raw": 0.2069459986529852,
    "rmse_raw": 0.25525455731589153,
    "r2_raw": -0.261222283202746,
    "delta_mae_raw": 0.2069459986529852,
    "delta_rmse_raw": 0.25525455731589153,
    "delta_r2_raw": -0.6828390662066013
  },
  "test": {
    "mse_norm": 0.09322417319632402,
    "mae_raw": 0.24890155557175744,
    "rmse_raw": 0.27784696835466083,
    "r2_raw": 0.11551593925484471,
    "delta_mae_raw": 0.24890155557175744,
    "delta_rmse_raw": 0.27784696835466083,
    "delta_r2_raw": -2.550780465939627
  }
}
