{
  "best_epoch": 5,
  "val": {
    "mse_norm": 0.07740531067701707,
    "mae_raw": 0.20688389644811025,
    "rmse_raw": 0.2531784701976806,
    "r2_raw": -0.24078966811294245,
    "delta_mae_raw": 0.20688389644811025,
    "delta_rmse_raw": 0.2531784701976806,
    "delta_r2_raw": -0.6555759870842064
  },
  "test": {
    "mse_norm": 0.0959980040158305,
    "mae_raw": 0.25532614388936,
    "rmse_raw": 0.2819502564735652,
    "r2_raw": 0.08919863267074224,
    "delta_mae_raw": 0.25532614388936,
    "delta_rmse_raw": 0.2819502564735652,
    "delta_r2_raw": -2.6564318646276357
  }
}
