{
  "family": "chebyshev_dqc",
  "ode": "logistic",
  "seed": 0,
  "steps": 1200,
  "lr": 0.02,
  "n_colloc": 60,
  "pqc_params": 60,
  "classical_params": 0,
  "config_str": "n=4, L=5",
  "final_loss": 0.00017569056944921613,
  "mae": 0.008777919225394726,
  "rmse": 0.010910458862781525
}
