{
  "best_epoch": 1,
  "val": {
    "mse_norm": 0.0005793815031940017,
    "mae_raw": 0.07152071642604739,
    "rmse_raw": 0.09146731058756118,
    "r2_raw": 0.9097524075917077
  },
  "test": {
    "mse_norm": 0.0008683185433209176,
    "mae_raw": 0.09260918193085252,
    "rmse_raw": 0.11197553199495887,
    "r2_raw": 0.9068179102642194
  }
}
