{
  "family": "qcpinn",
  "system": "lotka_volterra",
  "seed": 0,
  "dim": 2,
  "regime": "smooth_periodic",
  "steps": 1500,
  "lr": 0.02,
  "n_colloc": 60,
  "pqc_params": 30,
  "classical_params": 1412,
  "per_component_pqc_params": 15,
  "config_str": "per-component: n=5, L=1, Cascade; dim=2",
  "final_loss": 0.0030339634977281094,
  "mae": 0.018919385594180993,
  "mae_per_component": [
    0.01977869039504659,
    0.018060080793315395
  ],
  "relative_l2": 0.007431563261303369
}
