{
  "best_epoch": 10,
  "val": {
    "mse_norm": 0.000849611365284255,
    "mae_raw": 0.08830505325035615,
    "rmse_raw": 0.11076275599092253,
    "r2_raw": 0.8676599446531658
  },
  "test": {
    "mse_norm": 0.0007597916434349868,
    "mae_raw": 0.0858520696329516,
    "rmse_raw": 0.10474440954629136,
    "r2_raw": 0.918464285205425
  }
}
