{
  "best_epoch": 1,
  "delta_scale_learned": 0.09884419292211533,
  "val": {
    "mse_norm": 0.014111940182983996,
    "mae_raw": 0.08541341764005747,
    "rmse_raw": 0.10810225559871099,
    "r2_raw": 0.873941159251662
  },
  "test": {
    "mse_norm": 0.01699841499806965,
    "mae_raw": 0.09760926396347752,
    "rmse_raw": 0.11864395247926238,
    "r2_raw": 0.89538899415821
  }
}
