{
  "best_epoch": 1,
  "delta_scale_learned": 0.10038024932146072,
  "val": {
    "mse_norm": 0.10024346094263255,
    "mae_raw": 0.2322287857218792,
    "rmse_raw": 0.28811735457378124,
    "r2_raw": -0.6068800647606278,
    "delta_mae_raw": 0.2322287857218792,
    "delta_rmse_raw": 0.28811735457378124,
    "delta_r2_raw": -1.1440475510953854
  },
  "test": {
    "mse_norm": 0.1212613460387918,
    "mae_raw": 0.2869471601701118,
    "rmse_raw": 0.31688565864476015,
    "r2_raw": -0.1504926681403187,
    "delta_mae_raw": 0.2869471601701118,
    "delta_rmse_raw": 0.31688565864476015,
    "delta_r2_raw": -3.6186777959545964
  }
}
