{
  "n_seeds": 5,
  "seeds": [
    0,
    1,
    2,
    3,
    4
  ],
  "val": {
    "mse_norm": {
      "mean": 0.3169742082289076,
      "std": 0.009315085589567904,
      "min": 0.3027838174242152,
      "max": 0.3250727030626286,
      "n_seeds": 5
    },
    "mae_raw": {
      "mean": 0.4310406453157293,
      "std": 0.00748498142446114,
      "min": 0.41990495169984887,
      "max": 0.4386563629323038,
      "n_seeds": 5
    },
    "rmse_raw": {
      "mean": 0.5122895699565494,
      "std": 0.007561278669312397,
      "min": 0.500734739367055,
      "max": 0.5188378411470801,
      "n_seeds": 5
    },
    "r2_raw": {
      "mean": -29.644538879427596,
      "std": 0.9005669707630061,
      "min": -30.427487880810023,
      "max": -28.272635514928524,
      "n_seeds": 5
    },
    "delta_mae_raw": {
      "mean": 0.4310406453157293,
      "std": 0.00748498142446114,
      "min": 0.41990495169984887,
      "max": 0.4386563629323038,
      "n_seeds": 5
    },
    "delta_rmse_raw": {
      "mean": 0.5122895699565494,
      "std": 0.007561278669312397,
      "min": 0.500734739367055,
      "max": 0.5188378411470801,
      "n_seeds": 5
    },
    "delta_r2_raw": {
      "mean": -1.719220621103652,
      "std": 0.07991114786287691,
      "min": -1.788695024951212,
      "max": -1.5974857849690562,
      "n_seeds": 5
    }
  },
  "test": {
    "mse_norm": {
      "mean": 0.41724844926740934,
      "std": 0.006454560120211786,
      "min": 0.4075932210653596,
      "max": 0.42456233245222913,
      "n_seeds": 5
    },
    "mae_raw": {
      "mean": 0.5599640059651068,
      "std": 0.00486206587218468,
      "min": 0.5530068458251233,
      "max": 0.5648788320343449,
      "n_seeds": 5
    },
    "rmse_raw": {
      "mean": 0.5877983070463952,
      "std": 0.004553991619061379,
      "min": 0.5809715538339413,
      "max": 0.5929418753163677,
      "n_seeds": 5
    },
    "r2_raw": {
      "mean": -9.500428565361155,
      "std": 0.16243474980461006,
      "min": -9.68448894486032,
      "max": -9.257446154771277,
      "n_seeds": 5
    },
    "delta_mae_raw": {
      "mean": 0.5599640059651068,
      "std": 0.00486206587218468,
      "min": 0.5530068458251233,
      "max": 0.5648788320343449,
      "n_seeds": 5
    },
    "delta_rmse_raw": {
      "mean": 0.5877983070463952,
      "std": 0.004553991619061379,
      "min": 0.5809715538339413,
      "max": 0.5929418753163677,
      "n_seeds": 5
    },
    "delta_r2_raw": {
      "mean": -9.750270173182257,
      "std": 0.16629963577612872,
      "min": -9.938709987374395,
      "max": -9.501506368456306,
      "n_seeds": 5
    }
  }
}
