{
  "best_epoch": 1,
  "delta_scale_learned": 0.09900481253862381,
  "val": {
    "mse_norm": 0.009509125845982392,
    "mae_raw": 0.068411192338575,
    "rmse_raw": 0.08873841959973151,
    "r2_raw": 0.9150570817951745
  },
  "test": {
    "mse_norm": 0.011759544826886905,
    "mae_raw": 0.0812856273595677,
    "rmse_raw": 0.09868170585850775,
    "r2_raw": 0.9276298517995968
  }
}
