{
  "best_epoch": 5,
  "val": {
    "mse_norm": 0.07149675709574858,
    "mae_raw": 0.20090913421229303,
    "rmse_raw": 0.24332378541973526,
    "r2_raw": -0.14607688712921507,
    "delta_mae_raw": 0.20090913421229303,
    "delta_rmse_raw": 0.24332378541973526,
    "delta_r2_raw": -0.529201461331505
  },
  "test": {
    "mse_norm": 0.06706306353422666,
    "mae_raw": 0.21104925091837487,
    "rmse_raw": 0.2356584878859513,
    "r2_raw": 0.36372500042615497,
    "delta_mae_raw": 0.21104925091837487,
    "delta_rmse_raw": 0.2356584878859513,
    "delta_r2_raw": -1.5543398007072886
  }
}
