{
  "best_epoch": 90,
  "delta_scale_learned": 0.1010051891207695,
  "val": {
    "mse_norm": 0.0008415633805864863,
    "mae_raw": 0.08759359710595824,
    "rmse_raw": 0.11023690496230772,
    "r2_raw": 0.8689135422200684
  },
  "test": {
    "mse_norm": 0.0006224345153550699,
    "mae_raw": 0.07774970351263534,
    "rmse_raw": 0.09480482267125029,
    "r2_raw": 0.9332045257922963
  }
}
