{
  "best_epoch": 1,
  "delta_scale_learned": 0.10006916522979736,
  "val": {
    "mse_norm": 0.0872831087136069,
    "mae_raw": 0.21941272081513152,
    "rmse_raw": 0.2688478051346856,
    "r2_raw": -0.39912854228460914,
    "delta_mae_raw": 0.21941272081513152,
    "delta_rmse_raw": 0.2688478051346856,
    "delta_r2_raw": -0.8668463132622428
  },
  "test": {
    "mse_norm": 0.10862372177135211,
    "mae_raw": 0.2713708888309103,
    "rmse_raw": 0.2999188290168803,
    "r2_raw": -0.030590534959723303,
    "delta_mae_raw": 0.2713708888309103,
    "delta_rmse_raw": 0.2999188290168803,
    "delta_r2_raw": -3.137328078964254
  }
}
