{
  "best_epoch": 5,
  "val": {
    "mse_norm": 0.08985507208570566,
    "mae_raw": 0.2218603495861354,
    "rmse_raw": 0.2727801041025038,
    "r2_raw": -0.4403565349242997,
    "delta_mae_raw": 0.2218603495861354,
    "delta_rmse_raw": 0.2727801041025038,
    "delta_r2_raw": -0.9218565026312142
  },
  "test": {
    "mse_norm": 0.10791824009012445,
    "mae_raw": 0.2718191208973736,
    "rmse_raw": 0.2989432966611428,
    "r2_raw": -0.023897128294914083,
    "delta_mae_raw": 0.2718191208973736,
    "delta_rmse_raw": 0.2989432966611428,
    "delta_r2_raw": -3.110457252579919
  }
}
