{
  "protocol": {
    "n_headline": 472,
    "curve_ns": [
      100,
      200,
      350,
      472
    ],
    "seeds": [
      0,
      1,
      2,
      3,
      4
    ]
  },
  "classical_H4": {
    "seeds": {
      "0": {
        "d_norm": 6.546086498463882,
        "n": 472,
        "D": 90
      },
      "1": {
        "d_norm": 9.870176631378591,
        "n": 472,
        "D": 90
      },
      "2": {
        "d_norm": 7.699511236345984,
        "n": 472,
        "D": 90
      },
      "3": {
        "d_norm": 7.298343061530794,
        "n": 472,
        "D": 90
      },
      "4": {
        "d_norm": 8.730978925839265,
        "n": 472,
        "D": 90
      }
    },
    "aggregate": {
      "mean": 8.029019270711704,
      "std": 1.2965493298121962,
      "min": 6.546086498463882,
      "max": 9.870176631378591,
      "n_seeds": 5
    }
  },
  "qlnn_h3": {
    "seeds": {
      "0": {
        "d_norm": 6.0374773679734774,
        "n": 472,
        "D": 114
      },
      "1": {
        "d_norm": 3.675954124214354,
        "n": 472,
        "D": 114
      },
      "2": {
        "d_norm": 14.781126227659733,
        "n": 472,
        "D": 114
      },
      "3": {
        "d_norm": 13.49923827465528,
        "n": 472,
        "D": 114
      },
      "4": {
        "d_norm": 9.578178294521257,
        "n": 472,
        "D": 114
      }
    },
    "aggregate": {
      "mean": 9.51439485780482,
      "std": 4.738086378923803,
      "min": 3.675954124214354,
      "max": 14.781126227659733,
      "n_seeds": 5
    }
  },
  "delta_d_norm_qlnn_minus_classical": 1.4853755870931167,
  "threshold": 1.0,
  "pre_registered_hypothesis_met": true,
  "monotonicity_check": {
    "classical_H4": {
      "0": false,
      "1": false,
      "2": false,
      "3": false,
      "4": false
    },
    "qlnn_h3": {
      "0": false,
      "1": false,
      "2": false,
      "3": false,
      "4": false
    }
  }
}
