{
  "best_epoch": 1,
  "val": {
    "mse_norm": 0.08519367532771432,
    "mae_raw": 0.2163665397229947,
    "rmse_raw": 0.26561039614232007,
    "r2_raw": -0.3656353964687684,
    "delta_mae_raw": 0.2163665397229947,
    "delta_rmse_raw": 0.26561039614232007,
    "delta_r2_raw": -0.822156669747603
  },
  "test": {
    "mse_norm": 0.10518676638494039,
    "mae_raw": 0.26656749658181633,
    "rmse_raw": 0.2951358352409431,
    "r2_raw": 0.002018306208237397,
    "delta_mae_raw": 0.26656749658181633,
    "delta_rmse_raw": 0.2951358352409431,
    "delta_r2_raw": -3.006419178086407
  }
}
