{
  "best_epoch": 5,
  "val": {
    "mse_norm": 0.08551102359207226,
    "mae_raw": 0.21529530523638976,
    "rmse_raw": 0.2661046385101076,
    "r2_raw": -0.3707224175551118,
    "delta_mae_raw": 0.21529530523638976,
    "delta_rmse_raw": 0.2661046385101076,
    "delta_r2_raw": -0.8289442423497748
  },
  "test": {
    "mse_norm": 0.1102191226312613,
    "mae_raw": 0.27400823200252694,
    "rmse_raw": 0.30211331558034227,
    "r2_raw": -0.045727238056216146,
    "delta_mae_raw": 0.27400823200252694,
    "delta_rmse_raw": 0.30211331558034227,
    "delta_r2_raw": -3.1980947021959647
  }
}
