{
  "family": "chebyshev_dqc",
  "system": "lorenz",
  "seed": 1,
  "dim": 3,
  "regime": "broadband_multiscale",
  "steps": 1200,
  "lr": 0.02,
  "n_colloc": 60,
  "pqc_params": 180,
  "classical_params": 0,
  "per_component_pqc_params": 60,
  "config_str": "per-component: n=4, L=5; dim=3",
  "final_loss": 6.573732852935791,
  "mae": 14.104342094307365,
  "mae_per_component": [
    8.133169219019829,
    9.346198502993582,
    24.833658560908688
  ],
  "relative_l2": 0.9993747457824249
}
