{
  "persistence": {
    "val": {
      "mse_norm": 0.7709762961507713,
      "mae_raw": 0.7890909212285823,
      "rmse_raw": 0.7990278285782377,
      "r2_raw": -782.4877016491049,
      "delta_mae_raw": 0.7890909212285823,
      "delta_rmse_raw": 0.7990278285782377,
      "delta_r2_raw": -39.456620039170694
    },
    "test": {
      "mse_norm": 1.262777198589447,
      "mae_raw": 1.003529371093301,
      "rmse_raw": 1.022597573902814,
      "r2_raw": -977.0225748180584,
      "delta_mae_raw": 1.003529371093301,
      "delta_rmse_raw": 1.022597573902814,
      "delta_r2_raw": -26.066562396135872
    }
  },
  "linear": {
    "val": {
      "mse_norm": 0.7324431483169515,
      "mae_raw": 0.614545417915691,
      "rmse_raw": 0.7788043214577506,
      "r2_raw": -743.3292377840615,
      "delta_mae_raw": 0.614545417915691,
      "delta_rmse_raw": 0.7788043214577507,
      "delta_r2_raw": -37.43461115432012
    },
    "test": {
      "mse_norm": 0.9735105424007516,
      "mae_raw": 0.5494112788929658,
      "rmse_raw": 0.8978664044066145,
      "r2_raw": -752.9851751796308,
      "delta_mae_raw": 0.5494112788929658,
      "delta_rmse_raw": 0.8978664044066145,
      "delta_r2_raw": -19.866376007279154
    }
  }
}
