{
  "n_seeds": 5,
  "seeds": [
    0,
    1,
    2,
    3,
    4
  ],
  "val": {
    "mse_norm": {
      "mean": 0.8251017023635072,
      "std": 0.0746706449809615,
      "min": 0.7490314032292079,
      "max": 0.911899653243606,
      "n_seeds": 5
    },
    "mae_raw": {
      "mean": 0.8124126575968482,
      "std": 0.03844066926084719,
      "min": 0.7705245902321557,
      "max": 0.8582659971714018,
      "n_seeds": 5
    },
    "rmse_raw": {
      "mean": 0.8259213328641714,
      "std": 0.037427791263495276,
      "min": 0.7875740631928573,
      "max": 0.8689902777655398,
      "n_seeds": 5
    },
    "r2_raw": {
      "mean": -837.4914551058097,
      "std": 75.88240041733908,
      "min": -925.6979633764629,
      "max": -760.186686943603,
      "n_seeds": 5
    },
    "delta_mae_raw": {
      "mean": 0.8124126575968482,
      "std": 0.03844066926084719,
      "min": 0.7705245902321557,
      "max": 0.8582659971714018,
      "n_seeds": 5
    },
    "delta_rmse_raw": {
      "mean": 0.8259213328641714,
      "std": 0.037427791263495276,
      "min": 0.7875740631928573,
      "max": 0.8689902777655398,
      "n_seeds": 5
    },
    "delta_r2_raw": {
      "mean": -42.29682537952554,
      "std": 3.9183071219660466,
      "min": -46.851507198495554,
      "max": -38.3050720614176,
      "n_seeds": 5
    }
  },
  "test": {
    "mse_norm": {
      "mean": 1.2923126825995639,
      "std": 0.09555214822466068,
      "min": 1.1567782477630564,
      "max": 1.4129801418782122,
      "n_seeds": 5
    },
    "mae_raw": {
      "mean": 1.0114626130216262,
      "std": 0.04030574710575814,
      "min": 0.9547221389938803,
      "max": 1.0630907299939323,
      "n_seeds": 5
    },
    "rmse_raw": {
      "mean": 1.0339165485032944,
      "std": 0.038417170505737015,
      "min": 0.9787379971026908,
      "max": 1.0817064553238773,
      "n_seeds": 5
    },
    "r2_raw": {
      "mean": -999.8978454139627,
      "std": 74.0052624805609,
      "min": -1093.3549488145336,
      "max": -894.9262502003502,
      "n_seeds": 5
    },
    "delta_mae_raw": {
      "mean": 1.0114626130216262,
      "std": 0.04030574710575814,
      "min": 0.9547221389938803,
      "max": 1.0630907299939323,
      "n_seeds": 5
    },
    "delta_rmse_raw": {
      "mean": 1.0339165485032944,
      "std": 0.038417170505737015,
      "min": 0.9787379971026908,
      "max": 1.0817064553238773,
      "n_seeds": 5
    },
    "delta_r2_raw": {
      "mean": -26.69963054287852,
      "std": 2.04807957009085,
      "min": -29.286035586774616,
      "max": -23.794564438244162,
      "n_seeds": 5
    }
  }
}
