{
  "best_epoch": 5,
  "val": {
    "mse_norm": 0.08237027723158338,
    "mae_raw": 0.21267066491277592,
    "rmse_raw": 0.26117202487148994,
    "r2_raw": -0.3203769619245713,
    "delta_mae_raw": 0.21267066491277592,
    "delta_rmse_raw": 0.26117202487148994,
    "delta_r2_raw": -0.7617686931469025
  },
  "test": {
    "mse_norm": 0.1069876575662375,
    "mae_raw": 0.2688648497890418,
    "rmse_raw": 0.2976516071359287,
    "r2_raw": -0.015068029775020308,
    "delta_mae_raw": 0.2688648497890418,
    "delta_rmse_raw": 0.2976516071359287,
    "delta_r2_raw": -3.0750126448728183
  }
}
