{
  "best_epoch": 1,
  "delta_scale_learned": 0.09894643723964691,
  "val": {
    "mse_norm": 0.07796645910409096,
    "mae_raw": 0.21260975028339174,
    "rmse_raw": 0.2540945193901232,
    "r2_raw": -0.24978475080818985,
    "delta_mae_raw": 0.21260975028339174,
    "delta_rmse_raw": 0.2540945193901232,
    "delta_r2_raw": -0.6675780558431579
  },
  "test": {
    "mse_norm": 0.08560096288826258,
    "mae_raw": 0.24167823637035524,
    "rmse_raw": 0.26624454429672395,
    "r2_raw": 0.1878427594132711,
    "delta_mae_raw": 0.24167823637035524,
    "delta_rmse_raw": 0.26624454429672395,
    "delta_r2_raw": -2.2604228760405984
  }
}
