{
  "family": "te_qpinn_qnn",
  "system": "fitzhugh_nagumo",
  "seed": 1,
  "dim": 2,
  "regime": "broadband_multiscale",
  "steps": 2000,
  "lr": 0.02,
  "n_colloc": 60,
  "pqc_params": 168,
  "classical_params": 0,
  "per_component_pqc_params": 84,
  "config_str": "per-component: n=4, L_var=5, K_embed=3; dim=2",
  "final_loss": 0.14565393328666687,
  "mae": 0.27485391806711534,
  "mae_per_component": [
    0.4274841411032259,
    0.1222236950310048
  ],
  "relative_l2": 0.35604937641727025
}
