{
  "best_epoch": 1,
  "delta_scale_learned": 0.0993436723947525,
  "val": {
    "mse_norm": 0.32499119490075573,
    "mae_raw": 0.4372440502972439,
    "rmse_raw": 0.5187727908220667,
    "r2_raw": -30.419607807382405,
    "delta_mae_raw": 0.4372440502972439,
    "delta_rmse_raw": 0.5187727908220667,
    "delta_r2_raw": -1.787995792430713
  },
  "test": {
    "mse_norm": 0.42456233245222913,
    "mae_raw": 0.5648788320343449,
    "rmse_raw": 0.5929418753163677,
    "r2_raw": -9.68448894486032,
    "delta_mae_raw": 0.5648788320343449,
    "delta_rmse_raw": 0.5929418753163677,
    "delta_r2_raw": -9.938709987374395
  }
}
