{
  "system": "lorenz",
  "family": "non_liquid_brickwall",
  "n_seeds": 3,
  "seeds": [
    0,
    1,
    2
  ],
  "trainable_params": 46,
  "n_train_points": 560,
  "n_test_points": 240,
  "rollout_steps": 200,
  "sampled_dt": 0.05,
  "metrics": {
    "relative_l2": {
      "mean": 0.9907734649030161,
      "std": 0.4299631150653875,
      "min": 0.5024994447958525,
      "max": 1.3127541727299148,
      "n_seeds": 3,
      "ci95_half_width": 1.0681737949265033,
      "ci95_low": -0.07740033002348723,
      "ci95_high": 2.0589472598295195
    },
    "vpt_time": {
      "mean": 0.10000000000000002,
      "std": 1.6996749443881478e-17,
      "min": 0.1,
      "max": 0.1,
      "n_seeds": 3,
      "ci95_half_width": 4.2225674060726777e-17,
      "ci95_low": 0.09999999999999998,
      "ci95_high": 0.10000000000000006
    },
    "spectral_error": {
      "mean": 1.4141247995870099,
      "std": 1.4359480811386778,
      "min": 0.2588578457543774,
      "max": 3.0217901161872036,
      "n_seeds": 3,
      "ci95_half_width": 3.5673806831408545,
      "ci95_low": -2.153255883553845,
      "ci95_high": 4.981505482727864
    },
    "persistence_floor_relative_l2": {
      "mean": 0.45480979577386477,
      "std": 0.0,
      "min": 0.45480979577386477,
      "max": 0.45480979577386477,
      "n_seeds": 3,
      "ci95_half_width": 0.0,
      "ci95_low": 0.45480979577386477,
      "ci95_high": 0.45480979577386477
    },
    "vpt_lyapunov": {
      "mean": 0.09060000000000001,
      "std": 0.0,
      "min": 0.09060000000000001,
      "max": 0.09060000000000001,
      "n_seeds": 3,
      "ci95_half_width": 0.0,
      "ci95_low": 0.09060000000000001,
      "ci95_high": 0.09060000000000001
    }
  }
}
