{
  "family": "te_qpinn_qnn",
  "system": "lorenz",
  "seed": 1,
  "dim": 3,
  "regime": "broadband_multiscale",
  "steps": 2000,
  "lr": 0.02,
  "n_colloc": 60,
  "pqc_params": 252,
  "classical_params": 0,
  "per_component_pqc_params": 84,
  "config_str": "per-component: n=4, L_var=5, K_embed=3; dim=3",
  "final_loss": 48.22187042236328,
  "mae": 13.549949319732319,
  "mae_per_component": [
    7.582220864417968,
    8.621840011528755,
    24.445787083250234
  ],
  "relative_l2": 0.9768661862856822
}
